-- phpMyAdmin SQL Dump
-- version 3.5.1
-- http://www.phpmyadmin.net
--
-- Värd: localhost
-- Skapad: 09 sep 2012 kl 05:07
-- Serverversion: 5.5.24-log
-- PHP-version: 5.4.3

SET SQL_MODE="NO_AUTO_VALUE_ON_ZERO";
SET time_zone = "+00:00";


/*!40101 SET @OLD_CHARACTER_SET_CLIENT=@@CHARACTER_SET_CLIENT */;
/*!40101 SET @OLD_CHARACTER_SET_RESULTS=@@CHARACTER_SET_RESULTS */;
/*!40101 SET @OLD_COLLATION_CONNECTION=@@COLLATION_CONNECTION */;
/*!40101 SET NAMES utf8 */;

--
-- Databas: `stocktest`
--

-- --------------------------------------------------------

--
-- Dumpning av Data i tabell `stockname`
--

INSERT INTO `stockname` (`ID`, `shortName`, `Name`, `type`, `rss`) VALUES
(5, 'Avanza Zero', '', 1, ''),
(1001, 'Hoist Spar', 'Hoist Spar', 3, ''),
(2, 'Axfood', 'Axfood AB (publ)', 1, 'http://www.cisionwire.se/axfood/rss/all-information/');

-- --------------------------------------------------------

--
-- Dumpning av Data i tabell `indexname`
--

INSERT INTO `indexname` (`ISIN`, `name`) VALUES
('SE0000744195', 'OMXSPI'),
('SE0001775669', 'OMXNSCSEKPI'),
('SE0001809476', 'OMXN40'),
('SE0002905992', 'OMXS60PI'),
('SIM', 'Riskfri ränta');

-- --------------------------------------------------------

--
-- Dumpning av Data i tabell `indexprice`
--

INSERT INTO `indexprice` (`ISIN`, `date`, `price`) VALUES
('SE0000744195', '2011-01-20', '362.1100000000000'),
('SE0001775669', '2011-01-20', '255.9700000000000'),
('SE0001809476', '2011-01-20', '1091.9200000000000'),
('SE0002905992', '2011-01-20', '120.0300000000000'),
('SE0000744195', '2011-01-21', '366.0900000000000'),
('SE0001775669', '2011-01-21', '257.0300000000000'),
('SE0001809476', '2011-01-21', '1102.4000000000000'),
('SE0002905992', '2011-01-21', '121.4200000000000'),
('SE0000744195', '2011-01-24', '364.7900000000000'),
('SE0001775669', '2011-01-24', '256.4200000000000'),
('SE0001809476', '2011-01-24', '1102.5700000000000'),
('SE0002905992', '2011-01-24', '121.0800000000000'),
('SE0000744195', '2011-01-25', '366.2700000000000'),
('SE0001775669', '2011-01-25', '255.0700000000000'),
('SE0001809476', '2011-01-25', '1107.3500000000000'),
('SE0002905992', '2011-01-25', '121.6500000000000'),
('SE0000744195', '2011-01-26', '372.3900000000000'),
('SE0001775669', '2011-01-26', '255.0700000000000'),
('SE0001809476', '2011-01-26', '1129.2900000000000'),
('SE0002905992', '2011-01-26', '123.9200000000000'),
('SE0000744195', '2011-01-27', '370.6000000000000'),
('SE0001775669', '2011-01-27', '254.7000000000000'),
('SE0001809476', '2011-01-27', '1128.7400000000000'),
('SE0002905992', '2011-01-27', '123.2400000000000'),
('SE0000744195', '2011-01-28', '366.8100000000000'),
('SE0001775669', '2011-01-28', '255.6400000000000'),
('SE0001809476', '2011-01-28', '1118.2900000000000'),
('SE0002905992', '2011-01-28', '121.7900000000000'),
('SE0000744195', '2011-01-31', '364.8100000000000'),
('SE0001775669', '2011-01-31', '254.5700000000000'),
('SE0001809476', '2011-01-31', '1116.0200000000000'),
('SE0002905992', '2011-01-31', '121.1200000000000'),
('SE0000744195', '2011-02-01', '364.6900000000000'),
('SE0001775669', '2011-02-01', '253.6000000000000'),
('SE0001809476', '2011-02-01', '1120.6600000000000'),
('SE0002905992', '2011-02-01', '120.9900000000000'),
('SE0000744195', '2011-02-02', '359.3900000000000'),
('SE0001775669', '2011-02-02', '253.3400000000000'),
('SE0001809476', '2011-02-02', '1100.1600000000000'),
('SE0002905992', '2011-02-02', '119.2000000000000'),
('SE0000744195', '2011-02-03', '361.1900000000000'),
('SE0001775669', '2011-02-03', '252.5500000000000'),
('SE0001809476', '2011-02-03', '1105.9500000000000'),
('SE0002905992', '2011-02-03', '119.8700000000000'),
('SE0000744195', '2011-02-04', '361.7900000000000'),
('SE0001775669', '2011-02-04', '253.1700000000000'),
('SE0001809476', '2011-02-04', '1110.9000000000000'),
('SE0002905992', '2011-02-04', '120.2000000000000'),
('SE0000744195', '2011-02-07', '362.8400000000000'),
('SE0001775669', '2011-02-07', '252.7200000000000'),
('SE0001809476', '2011-02-07', '1119.0300000000000'),
('SE0002905992', '2011-02-07', '120.5100000000000'),
('SE0000744195', '2011-02-08', '360.3200000000000'),
('SE0001775669', '2011-02-08', '251.0200000000000'),
('SE0001809476', '2011-02-08', '1115.7300000000000'),
('SE0002905992', '2011-02-08', '119.7200000000000'),
('SE0000744195', '2011-02-09', '360.8900000000000'),
('SE0001775669', '2011-02-09', '252.0100000000000'),
('SE0001809476', '2011-02-09', '1118.4400000000000'),
('SE0002905992', '2011-02-09', '119.9400000000000'),
('SE0000744195', '2011-02-10', '358.3300000000000'),
('SE0001775669', '2011-02-10', '250.6700000000000'),
('SE0001809476', '2011-02-10', '1108.4900000000000'),
('SE0002905992', '2011-02-10', '119.1600000000000'),
('SE0000744195', '2011-02-11', '362.0600000000000'),
('SE0001775669', '2011-02-11', '249.3500000000000'),
('SE0001809476', '2011-02-11', '1110.5400000000000'),
('SE0002905992', '2011-02-11', '120.5300000000000'),
('SE0000744195', '2011-02-14', '360.9500000000000'),
('SE0001775669', '2011-02-14', '248.4300000000000'),
('SE0001809476', '2011-02-14', '1110.1900000000000'),
('SE0002905992', '2011-02-14', '120.1600000000000'),
('SE0000744195', '2011-02-15', '357.7800000000000'),
('SE0001775669', '2011-02-15', '247.8200000000000'),
('SE0001809476', '2011-02-15', '1105.0300000000000'),
('SE0002905992', '2011-02-15', '119.1300000000000'),
('SE0000744195', '2011-02-16', '358.6800000000000'),
('SE0001775669', '2011-02-16', '248.3100000000000'),
('SE0001809476', '2011-02-16', '1108.2800000000000'),
('SE0002905992', '2011-02-16', '119.3000000000000'),
('SE0000744195', '2011-02-17', '353.9200000000000'),
('SE0001775669', '2011-02-17', '247.3300000000000'),
('SE0001809476', '2011-02-17', '1093.1900000000000'),
('SE0002905992', '2011-02-17', '117.6300000000000'),
('SE0000744195', '2011-02-18', '355.8300000000000'),
('SE0001775669', '2011-02-18', '247.5000000000000'),
('SE0001809476', '2011-02-18', '1098.5000000000000'),
('SE0002905992', '2011-02-18', '118.1700000000000'),
('SE0000744195', '2011-02-21', '354.7100000000000'),
('SE0001775669', '2011-02-21', '248.0100000000000'),
('SE0001809476', '2011-02-21', '1089.2600000000000'),
('SE0002905992', '2011-02-21', '117.7700000000000'),
('SE0000744195', '2011-02-22', '353.8400000000000'),
('SE0001775669', '2011-02-22', '247.1600000000000'),
('SE0001809476', '2011-02-22', '1088.1800000000000'),
('SE0002905992', '2011-02-22', '117.4900000000000'),
('SE0000744195', '2011-02-23', '349.0300000000000'),
('SE0001775669', '2011-02-23', '244.6800000000000'),
('SE0001809476', '2011-02-23', '1071.1600000000000'),
('SE0002905992', '2011-02-23', '115.8900000000000'),
('SE0000744195', '2011-02-24', '350.4400000000000'),
('SE0001775669', '2011-02-24', '245.4700000000000'),
('SE0001809476', '2011-02-24', '1070.6900000000000'),
('SE0002905992', '2011-02-24', '116.4200000000000'),
('SE0000744195', '2011-02-25', '354.7000000000000'),
('SE0001775669', '2011-02-25', '247.0100000000000'),
('SE0001809476', '2011-02-25', '1084.4700000000000'),
('SE0002905992', '2011-02-25', '117.9600000000000'),
('SE0000744195', '2011-02-28', '358.7200000000000'),
('SE0001775669', '2011-02-28', '247.0100000000000'),
('SE0001809476', '2011-02-28', '1103.5500000000000'),
('SE0002905992', '2011-02-28', '119.3800000000000'),
('SE0000744195', '2011-03-01', '356.6000000000000'),
('SE0001775669', '2011-03-01', '247.1400000000000'),
('SE0001809476', '2011-03-01', '1098.0200000000000'),
('SE0002905992', '2011-03-01', '118.3400000000000'),
('SE0000744195', '2011-03-02', '352.4400000000000'),
('SE0001775669', '2011-03-02', '248.3700000000000'),
('SE0001809476', '2011-03-02', '1080.3700000000000'),
('SE0002905992', '2011-03-02', '116.7900000000000'),
('SE0000744195', '2011-03-03', '355.2600000000000'),
('SE0001775669', '2011-03-03', '252.3600000000000'),
('SE0001809476', '2011-03-03', '1083.5600000000000'),
('SE0002905992', '2011-03-03', '117.7700000000000'),
('SE0000744195', '2011-03-04', '356.3400000000000'),
('SE0001775669', '2011-03-04', '254.3400000000000'),
('SE0001809476', '2011-03-04', '1078.0600000000000'),
('SE0002905992', '2011-03-04', '117.9700000000000'),
('SE0000744195', '2011-03-07', '358.5700000000000'),
('SE0001775669', '2011-03-07', '256.8200000000000'),
('SE0001809476', '2011-03-07', '1080.3000000000000'),
('SE0002905992', '2011-03-07', '118.3900000000000'),
('SE0000744195', '2011-03-08', '359.6400000000000'),
('SE0001775669', '2011-03-08', '255.1600000000000'),
('SE0001809476', '2011-03-08', '1085.1200000000000'),
('SE0002905992', '2011-03-08', '118.9600000000000'),
('SE0000744195', '2011-03-09', '361.2900000000000'),
('SE0001775669', '2011-03-09', '254.9100000000000'),
('SE0001809476', '2011-03-09', '1093.6500000000000'),
('SE0002905992', '2011-03-09', '119.4900000000000'),
('SE0000744195', '2011-03-10', '358.6200000000000'),
('SE0001775669', '2011-03-10', '252.9400000000000'),
('SE0001809476', '2011-03-10', '1083.3600000000000'),
('SE0002905992', '2011-03-10', '118.5400000000000'),
('SE0000744195', '2011-03-11', '353.2700000000000'),
('SE0001775669', '2011-03-11', '250.9300000000000'),
('SE0001809476', '2011-03-11', '1067.2000000000000'),
('SE0002905992', '2011-03-11', '116.6700000000000'),
('SE0000744195', '2011-03-14', '349.4700000000000'),
('SE0001775669', '2011-03-14', '248.6100000000000'),
('SE0001809476', '2011-03-14', '1052.7900000000000'),
('SE0002905992', '2011-03-14', '115.4600000000000'),
('SE0000744195', '2011-03-15', '341.0700000000000'),
('SE0001775669', '2011-03-15', '245.4000000000000'),
('SE0001809476', '2011-03-15', '1024.3600000000000'),
('SE0002905992', '2011-03-15', '112.6900000000000'),
('SE0000744195', '2011-03-16', '338.6700000000000'),
('SE0001775669', '2011-03-16', '247.1100000000000'),
('SE0001809476', '2011-03-16', '1013.5000000000000'),
('SE0002905992', '2011-03-16', '111.8300000000000'),
('SE0000744195', '2011-03-17', '344.3500000000000'),
('SE0001775669', '2011-03-17', '247.8000000000000'),
('SE0001809476', '2011-03-17', '1031.5400000000000'),
('SE0002905992', '2011-03-17', '113.8400000000000'),
('SE0000744195', '2011-03-18', '349.4900000000000'),
('SE0001775669', '2011-03-18', '249.7100000000000'),
('SE0001809476', '2011-03-18', '1052.2800000000000'),
('SE0002905992', '2011-03-18', '115.5400000000000'),
('SE0000744195', '2011-03-21', '354.6100000000000'),
('SE0001775669', '2011-03-21', '251.5400000000000'),
('SE0001809476', '2011-03-21', '1064.4000000000000'),
('SE0002905992', '2011-03-21', '117.2400000000000'),
('SE0000744195', '2011-03-22', '354.2500000000000'),
('SE0001775669', '2011-03-22', '252.2700000000000'),
('SE0001809476', '2011-03-22', '1059.5900000000000'),
('SE0002905992', '2011-03-22', '117.0600000000000'),
('SE0000744195', '2011-03-23', '356.3000000000000'),
('SE0001775669', '2011-03-23', '252.7800000000000'),
('SE0001809476', '2011-03-23', '1066.5700000000000'),
('SE0002905992', '2011-03-23', '117.8300000000000'),
('SE0000744195', '2011-03-24', '360.8200000000000'),
('SE0001775669', '2011-03-24', '253.0000000000000'),
('SE0001809476', '2011-03-24', '1077.6000000000000'),
('SE0002905992', '2011-03-24', '119.4000000000000'),
('SE0000744195', '2011-03-25', '361.0500000000000'),
('SE0001775669', '2011-03-25', '253.1500000000000'),
('SE0001809476', '2011-03-25', '1075.1000000000000'),
('SE0002905992', '2011-03-25', '119.5700000000000'),
('SE0000744195', '2011-03-28', '362.5900000000000'),
('SE0001775669', '2011-03-28', '253.9500000000000'),
('SE0001809476', '2011-03-28', '1080.4500000000000'),
('SE0002905992', '2011-03-28', '120.0700000000000'),
('SE0000744195', '2011-03-29', '362.0200000000000'),
('SE0001775669', '2011-03-29', '253.1800000000000'),
('SE0001809476', '2011-03-29', '1082.3900000000000'),
('SE0002905992', '2011-03-29', '119.9200000000000'),
('SE0000744195', '2011-03-30', '365.1100000000000'),
('SE0001775669', '2011-03-30', '255.4400000000000'),
('SE0001809476', '2011-03-30', '1092.5800000000000'),
('SE0002905992', '2011-03-30', '120.8000000000000'),
('SE0000744195', '2011-03-31', '364.3300000000000'),
('SE0001775669', '2011-03-31', '255.8300000000000'),
('SE0001809476', '2011-03-31', '1087.6700000000000'),
('SE0002905992', '2011-03-31', '120.5600000000000'),
('SE0000744195', '2011-04-01', '367.5000000000000'),
('SE0001775669', '2011-04-01', '254.7400000000000'),
('SE0001809476', '2011-04-01', '1096.0200000000000'),
('SE0002905992', '2011-04-01', '121.7000000000000'),
('SE0000744195', '2011-04-04', '369.3100000000000'),
('SE0001775669', '2011-04-04', '257.0600000000000'),
('SE0001809476', '2011-04-04', '1097.5300000000000'),
('SE0002905992', '2011-04-04', '122.2700000000000'),
('SE0000744195', '2011-04-05', '368.7400000000000'),
('SE0001775669', '2011-04-05', '257.8200000000000'),
('SE0001809476', '2011-04-05', '1098.4400000000000'),
('SE0002905992', '2011-04-05', '122.1400000000000'),
('SE0000744195', '2011-04-06', '370.7300000000000'),
('SE0001775669', '2011-04-06', '259.0100000000000'),
('SE0001809476', '2011-04-06', '1103.2400000000000'),
('SE0002905992', '2011-04-06', '122.8700000000000'),
('SE0000744195', '2011-04-07', '367.4400000000000'),
('SE0001775669', '2011-04-07', '258.6300000000000'),
('SE0001809476', '2011-04-07', '1094.1800000000000'),
('SE0002905992', '2011-04-07', '121.8500000000000'),
('SE0000744195', '2011-04-08', '368.6100000000000'),
('SE0001775669', '2011-04-08', '259.3900000000000'),
('SE0001809476', '2011-04-08', '1102.0300000000000'),
('SE0002905992', '2011-04-08', '122.3200000000000'),
('SE0000744195', '2011-04-11', '367.5400000000000'),
('SE0001775669', '2011-04-11', '260.1000000000000'),
('SE0001809476', '2011-04-11', '1097.6600000000000'),
('SE0002905992', '2011-04-11', '121.9500000000000'),
('SE0000744195', '2011-04-12', '362.0100000000000'),
('SE0001775669', '2011-04-12', '259.4800000000000'),
('SE0001809476', '2011-04-12', '1074.3700000000000'),
('SE0002905992', '2011-04-12', '120.0200000000000'),
('SE0000744195', '2011-04-13', '364.0300000000000'),
('SE0001775669', '2011-04-13', '259.5600000000000'),
('SE0001809476', '2011-04-13', '1083.8400000000000'),
('SE0002905992', '2011-04-13', '120.6300000000000'),
('SE0000744195', '2011-04-14', '361.5500000000000'),
('SE0001775669', '2011-04-14', '258.5000000000000'),
('SE0001809476', '2011-04-14', '1078.0700000000000'),
('SE0002905992', '2011-04-14', '119.7500000000000'),
('SE0000744195', '2011-04-15', '360.2000000000000'),
('SE0001775669', '2011-04-15', '256.5600000000000'),
('SE0001809476', '2011-04-15', '1076.9500000000000'),
('SE0002905992', '2011-04-15', '119.2500000000000'),
('SE0000744195', '2011-04-18', '354.7300000000000'),
('SE0001775669', '2011-04-18', '254.4200000000000'),
('SE0001809476', '2011-04-18', '1059.1800000000000'),
('SE0002905992', '2011-04-18', '117.3800000000000'),
('SE0000744195', '2011-04-19', '358.2300000000000'),
('SE0001775669', '2011-04-19', '254.0000000000000'),
('SE0001809476', '2011-04-19', '1069.6900000000000'),
('SE0002905992', '2011-04-19', '118.7300000000000'),
('SE0000744195', '2011-04-20', '365.0400000000000'),
('SE0001775669', '2011-04-20', '254.4300000000000'),
('SE0001809476', '2011-04-20', '1093.9700000000000'),
('SE0002905992', '2011-04-20', '121.2600000000000'),
('SE0000744195', '2011-04-21', '365.7100000000000'),
('SE0001775669', '2011-04-21', '254.4700000000000'),
('SE0001809476', '2011-04-21', '1097.2000000000000'),
('SE0002905992', '2011-04-21', '121.5600000000000'),
('SE0000744195', '2011-04-26', '368.9000000000000'),
('SE0001775669', '2011-04-26', '254.8200000000000'),
('SE0001809476', '2011-04-26', '1100.6600000000000'),
('SE0002905992', '2011-04-26', '122.8500000000000'),
('SE0000744195', '2011-04-27', '369.4500000000000'),
('SE0001775669', '2011-04-27', '255.8400000000000'),
('SE0001809476', '2011-04-27', '1102.8000000000000'),
('SE0002905992', '2011-04-27', '123.3200000000000'),
('SE0000744195', '2011-04-28', '371.3600000000000'),
('SE0001775669', '2011-04-28', '255.9600000000000'),
('SE0001809476', '2011-04-28', '1105.7900000000000'),
('SE0002905992', '2011-04-28', '123.8600000000000'),
('SE0000744195', '2011-04-29', '372.6600000000000'),
('SE0001775669', '2011-04-29', '256.9900000000000'),
('SE0001809476', '2011-04-29', '1107.4000000000000'),
('SE0002905992', '2011-04-29', '124.2800000000000'),
('SIM', '2011-05-01', '100.0087500000000'),
('SE0000744195', '2011-05-02', '372.8200000000000'),
('SE0001775669', '2011-05-02', '257.7300000000000'),
('SE0001809476', '2011-05-02', '1113.5700000000000'),
('SE0002905992', '2011-05-02', '124.2900000000000'),
('SIM', '2011-05-02', '100.0175007656250'),
('SE0000744195', '2011-05-03', '369.9900000000000'),
('SE0001775669', '2011-05-03', '258.0400000000000'),
('SE0001809476', '2011-05-03', '1098.9200000000000'),
('SE0002905992', '2011-05-03', '123.2800000000000'),
('SIM', '2011-05-03', '100.0262522969420'),
('SE0000744195', '2011-05-04', '367.6800000000000'),
('SE0001775669', '2011-05-04', '256.4900000000000'),
('SE0001809476', '2011-05-04', '1082.5700000000000'),
('SE0002905992', '2011-05-04', '122.6200000000000'),
('SIM', '2011-05-04', '100.0350045940180'),
('SE0000744195', '2011-05-05', '367.3200000000000'),
('SE0001775669', '2011-05-05', '256.0400000000000'),
('SE0001809476', '2011-05-05', '1078.9100000000000'),
('SE0002905992', '2011-05-05', '122.4500000000000'),
('SIM', '2011-05-05', '100.0437576569200'),
('SE0000744195', '2011-05-06', '370.5900000000000'),
('SE0001775669', '2011-05-06', '255.8000000000000'),
('SE0001809476', '2011-05-06', '1092.0300000000000'),
('SE0002905992', '2011-05-06', '123.6900000000000'),
('SIM', '2011-05-06', '100.0525114857149'),
('SIM', '2011-05-07', '100.0612660804699'),
('SIM', '2011-05-08', '100.0700214412520'),
('SE0000744195', '2011-05-09', '370.4500000000000'),
('SE0001775669', '2011-05-09', '254.3000000000000'),
('SE0001809476', '2011-05-09', '1093.8600000000000'),
('SE0002905992', '2011-05-09', '123.7100000000000'),
('SIM', '2011-05-09', '100.0787775681281'),
('SE0000744195', '2011-05-10', '373.5000000000000'),
('SE0001775669', '2011-05-10', '254.1400000000000'),
('SE0001809476', '2011-05-10', '1103.7000000000000'),
('SE0002905992', '2011-05-10', '124.8900000000000'),
('SIM', '2011-05-10', '100.0875344611653'),
('SE0000744195', '2011-05-11', '374.8700000000000'),
('SE0001775669', '2011-05-11', '254.5500000000000'),
('SE0001809476', '2011-05-11', '1107.9400000000000'),
('SE0002905992', '2011-05-11', '125.3600000000000'),
('SIM', '2011-05-11', '100.0962921204307'),
('SE0000744195', '2011-05-12', '372.3300000000000'),
('SE0001775669', '2011-05-12', '253.8800000000000'),
('SE0001809476', '2011-05-12', '1100.2400000000000'),
('SE0002905992', '2011-05-12', '124.5600000000000'),
('SIM', '2011-05-12', '100.1050505459912'),
('SE0000744195', '2011-05-13', '372.6600000000000'),
('SE0001775669', '2011-05-13', '254.9700000000000'),
('SE0001809476', '2011-05-13', '1100.7000000000000'),
('SE0002905992', '2011-05-13', '124.6100000000000'),
('SIM', '2011-05-13', '100.1138097379140'),
('SIM', '2011-05-14', '100.1225696962661'),
('SIM', '2011-05-15', '100.1313304211145'),
('SE0000744195', '2011-05-16', '374.3500000000000'),
('SE0001775669', '2011-05-16', '253.7600000000000'),
('SE0001809476', '2011-05-16', '1105.6300000000000'),
('SE0002905992', '2011-05-16', '125.2200000000000'),
('SIM', '2011-05-16', '100.1400919125263'),
('SE0000744195', '2011-05-17', '369.0700000000000'),
('SE0001775669', '2011-05-17', '252.8900000000000'),
('SE0001809476', '2011-05-17', '1092.0300000000000'),
('SE0002905992', '2011-05-17', '123.5000000000000'),
('SIM', '2011-05-17', '100.1488541705687'),
('SE0000744195', '2011-05-18', '369.2000000000000'),
('SE0001775669', '2011-05-18', '252.8800000000000'),
('SE0001809476', '2011-05-18', '1095.7100000000000'),
('SE0002905992', '2011-05-18', '123.5400000000000'),
('SIM', '2011-05-18', '100.1576171953086'),
('SE0000744195', '2011-05-19', '371.7500000000000'),
('SE0001775669', '2011-05-19', '253.2300000000000'),
('SE0001809476', '2011-05-19', '1105.2500000000000'),
('SE0002905992', '2011-05-19', '124.4000000000000'),
('SIM', '2011-05-19', '100.1663809868132'),
('SE0000744195', '2011-05-20', '371.9100000000000'),
('SE0001775669', '2011-05-20', '253.6200000000000'),
('SE0001809476', '2011-05-20', '1104.6400000000000'),
('SE0002905992', '2011-05-20', '124.4600000000000'),
('SIM', '2011-05-20', '100.1751455451495'),
('SIM', '2011-05-21', '100.1839108703848'),
('SIM', '2011-05-22', '100.1926769625859'),
('SE0000744195', '2011-05-23', '363.1200000000000'),
('SE0001775669', '2011-05-23', '251.2300000000000'),
('SE0001809476', '2011-05-23', '1080.6400000000000'),
('SE0002905992', '2011-05-23', '121.3900000000000'),
('SIM', '2011-05-23', '100.2014438218201'),
('SE0000744195', '2011-05-24', '362.2800000000000'),
('SE0001775669', '2011-05-24', '251.0900000000000'),
('SE0001809476', '2011-05-24', '1079.8100000000000'),
('SE0002905992', '2011-05-24', '121.1600000000000'),
('SIM', '2011-05-24', '100.2102114481546'),
('SE0000744195', '2011-05-25', '366.0600000000000'),
('SE0001775669', '2011-05-25', '250.3100000000000'),
('SE0001809476', '2011-05-25', '1091.9300000000000'),
('SE0002905992', '2011-05-25', '122.6300000000000'),
('SIM', '2011-05-25', '100.2189798416563'),
('SE0000744195', '2011-05-26', '362.8000000000000'),
('SE0001775669', '2011-05-26', '249.5300000000000'),
('SE0001809476', '2011-05-26', '1081.8400000000000'),
('SE0002905992', '2011-05-26', '121.4300000000000'),
('SIM', '2011-05-26', '100.2277490023924'),
('SE0000744195', '2011-05-27', '365.3800000000000'),
('SE0001775669', '2011-05-27', '249.6100000000000'),
('SE0001809476', '2011-05-27', '1091.0400000000000'),
('SE0002905992', '2011-05-27', '122.4300000000000'),
('SIM', '2011-05-27', '100.2365189304301'),
('SIM', '2011-05-28', '100.2452896258365'),
('SIM', '2011-05-29', '100.2540610886788'),
('SE0000744195', '2011-05-30', '365.1800000000000'),
('SE0001775669', '2011-05-30', '249.0200000000000'),
('SE0001809476', '2011-05-30', '1091.2500000000000'),
('SE0002905992', '2011-05-30', '122.2700000000000'),
('SIM', '2011-05-30', '100.2628333190241'),
('SE0000744195', '2011-05-31', '366.8900000000000'),
('SE0001775669', '2011-05-31', '249.2700000000000'),
('SE0001809476', '2011-05-31', '1086.1600000000000'),
('SE0002905992', '2011-05-31', '122.7700000000000'),
('SIM', '2011-05-31', '100.2716063169395'),
('SE0000744195', '2011-06-01', '369.0200000000000'),
('SE0001775669', '2011-06-01', '249.3300000000000'),
('SE0001809476', '2011-06-01', '1086.3100000000000'),
('SE0002905992', '2011-06-01', '123.5600000000000'),
('SIM', '2011-06-01', '100.2803800824922'),
('SIM', '2011-06-02', '100.2891546157494'),
('SE0000744195', '2011-06-03', '361.0900000000000'),
('SE0001775669', '2011-06-03', '248.2400000000000'),
('SE0001809476', '2011-06-03', '1062.2800000000000'),
('SE0002905992', '2011-06-03', '120.7200000000000'),
('SIM', '2011-06-03', '100.2979299167783'),
('SIM', '2011-06-04', '100.3067059856460'),
('SIM', '2011-06-05', '100.3154828224198'),
('SE0001775669', '2011-06-06', '247.8500000000000'),
('SE0001809476', '2011-06-06', '1055.6000000000000'),
('SIM', '2011-06-06', '100.3242604271667'),
('SE0000744195', '2011-06-07', '359.3000000000000'),
('SE0001775669', '2011-06-07', '247.0200000000000'),
('SE0001809476', '2011-06-07', '1051.9100000000000'),
('SE0002905992', '2011-06-07', '120.1600000000000'),
('SIM', '2011-06-07', '100.3330387999541'),
('SE0000744195', '2011-06-08', '350.9900000000000'),
('SE0001775669', '2011-06-08', '244.1900000000000'),
('SE0001809476', '2011-06-08', '1025.8900000000000'),
('SE0002905992', '2011-06-08', '117.3500000000000'),
('SIM', '2011-06-08', '100.3418179408491'),
('SE0000744195', '2011-06-09', '353.6300000000000'),
('SE0001775669', '2011-06-09', '244.7200000000000'),
('SE0001809476', '2011-06-09', '1035.6800000000000'),
('SE0002905992', '2011-06-09', '118.4400000000000'),
('SIM', '2011-06-09', '100.3505978499189'),
('SE0000744195', '2011-06-10', '348.0200000000000'),
('SE0001775669', '2011-06-10', '244.2200000000000'),
('SE0001809476', '2011-06-10', '1017.7600000000000'),
('SE0002905992', '2011-06-10', '116.4500000000000'),
('SIM', '2011-06-10', '100.3593785272308'),
('SIM', '2011-06-11', '100.3681599728520'),
('SIM', '2011-06-12', '100.3769421868496'),
('SE0000744195', '2011-06-13', '345.8200000000000'),
('SE0001775669', '2011-06-13', '242.3800000000000'),
('SE0001809476', '2011-06-13', '1012.7100000000000'),
('SE0002905992', '2011-06-13', '115.7200000000000'),
('SIM', '2011-06-13', '100.3857251692909'),
('SE0000744195', '2011-06-14', '350.8900000000000'),
('SE0001775669', '2011-06-14', '242.9100000000000'),
('SE0001809476', '2011-06-14', '1021.3100000000000'),
('SE0002905992', '2011-06-14', '117.5800000000000'),
('SIM', '2011-06-14', '100.3945089202432'),
('SE0000744195', '2011-06-15', '345.2800000000000'),
('SE0001775669', '2011-06-15', '241.1000000000000'),
('SE0001809476', '2011-06-15', '1004.1700000000000'),
('SE0002905992', '2011-06-15', '115.8200000000000'),
('SIM', '2011-06-15', '100.4032934397738'),
('SE0000744195', '2011-06-16', '341.4500000000000'),
('SE0001775669', '2011-06-16', '236.6600000000000'),
('SE0001809476', '2011-06-16', '989.6800000000000'),
('SE0002905992', '2011-06-16', '114.6600000000000'),
('SIM', '2011-06-16', '100.4120787279497'),
('SE0000744195', '2011-06-17', '343.0400000000000'),
('SE0001775669', '2011-06-17', '237.8600000000000'),
('SE0001809476', '2011-06-17', '994.7100000000000'),
('SE0002905992', '2011-06-17', '115.1400000000000'),
('SIM', '2011-06-17', '100.4208647848384'),
('SIM', '2011-06-18', '100.4296516105071'),
('SIM', '2011-06-19', '100.4384392050230'),
('SE0000744195', '2011-06-20', '337.7600000000000'),
('SE0001775669', '2011-06-20', '234.1300000000000'),
('SE0001809476', '2011-06-20', '977.3700000000000'),
('SE0002905992', '2011-06-20', '113.4700000000000'),
('SIM', '2011-06-20', '100.4472275684535'),
('SE0000744195', '2011-06-21', '345.1300000000000'),
('SE0001775669', '2011-06-21', '235.4500000000000'),
('SE0001809476', '2011-06-21', '999.8000000000000'),
('SE0002905992', '2011-06-21', '116.1500000000000'),
('SIM', '2011-06-21', '100.4560167008657'),
('SE0000744195', '2011-06-22', '339.8400000000000'),
('SE0001775669', '2011-06-22', '235.0300000000000'),
('SE0001809476', '2011-06-22', '986.5900000000000'),
('SE0002905992', '2011-06-22', '114.3000000000000'),
('SIM', '2011-06-22', '100.4648066023271'),
('SE0000744195', '2011-06-23', '334.5200000000000'),
('SE0001775669', '2011-06-23', '233.1600000000000'),
('SE0001809476', '2011-06-23', '965.8300000000000'),
('SE0002905992', '2011-06-23', '112.4000000000000'),
('SIM', '2011-06-23', '100.4735972729048'),
('SE0001775669', '2011-06-24', '232.5300000000000'),
('SE0001809476', '2011-06-24', '969.2400000000000'),
('SIM', '2011-06-24', '100.4823887126662'),
('SIM', '2011-06-25', '100.4911809216785'),
('SIM', '2011-06-26', '100.4999739000092'),
('SE0000744195', '2011-06-27', '338.6200000000000'),
('SE0001775669', '2011-06-27', '232.5800000000000'),
('SE0001809476', '2011-06-27', '975.2900000000000'),
('SE0002905992', '2011-06-27', '113.8600000000000'),
('SIM', '2011-06-27', '100.5087676477254'),
('SE0000744195', '2011-06-28', '340.1600000000000'),
('SE0001775669', '2011-06-28', '234.7600000000000'),
('SE0001809476', '2011-06-28', '974.6200000000000'),
('SE0002905992', '2011-06-28', '114.3500000000000'),
('SIM', '2011-06-28', '100.5175621648946'),
('SE0000744195', '2011-06-29', '348.8700000000000'),
('SE0001775669', '2011-06-29', '236.9700000000000'),
('SE0001809476', '2011-06-29', '1006.1800000000000'),
('SE0002905992', '2011-06-29', '117.2900000000000'),
('SIM', '2011-06-29', '100.5263574515840'),
('SE0000744195', '2011-06-30', '353.9500000000000'),
('SE0001775669', '2011-06-30', '239.8700000000000'),
('SE0001809476', '2011-06-30', '1022.7800000000000'),
('SE0002905992', '2011-06-30', '119.0000000000000'),
('SIM', '2011-06-30', '100.5351535078610'),
('SE0000744195', '2011-07-01', '354.7600000000000'),
('SE0001775669', '2011-07-01', '239.0300000000000'),
('SE0001809476', '2011-07-01', '1031.1000000000000'),
('SE0002905992', '2011-07-01', '119.2700000000000'),
('SIM', '2011-07-01', '100.5439503337930'),
('SIM', '2011-07-02', '100.5527479294472'),
('SIM', '2011-07-03', '100.5615462948910'),
('SE0000744195', '2011-07-04', '357.2000000000000'),
('SE0001775669', '2011-07-04', '240.3300000000000'),
('SE0001809476', '2011-07-04', '1038.6500000000000'),
('SE0002905992', '2011-07-04', '120.1500000000000'),
('SIM', '2011-07-04', '100.5703454301918'),
('SE0000744195', '2011-07-05', '357.5100000000000'),
('SE0001775669', '2011-07-05', '240.1800000000000'),
('SE0001809476', '2011-07-05', '1040.9400000000000'),
('SE0002905992', '2011-07-05', '120.2500000000000'),
('SIM', '2011-07-05', '100.5791453354170'),
('SE0000744195', '2011-07-06', '355.0000000000000'),
('SE0001775669', '2011-07-06', '239.5700000000000'),
('SE0001809476', '2011-07-06', '1032.3100000000000'),
('SE0002905992', '2011-07-06', '119.4000000000000'),
('SIM', '2011-07-06', '100.5879460106338'),
('SE0000744195', '2011-07-07', '360.0100000000000'),
('SE0001775669', '2011-07-07', '240.3100000000000'),
('SE0001809476', '2011-07-07', '1046.8800000000000'),
('SE0002905992', '2011-07-07', '121.2000000000000'),
('SIM', '2011-07-07', '100.5967474559097'),
('SE0000744195', '2011-07-08', '355.8200000000000'),
('SE0001775669', '2011-07-08', '239.7300000000000'),
('SE0001809476', '2011-07-08', '1029.9000000000000'),
('SE0002905992', '2011-07-08', '119.6800000000000'),
('SIM', '2011-07-08', '100.6055496713121'),
('SIM', '2011-07-09', '100.6143526569084'),
('SIM', '2011-07-10', '100.6231564127659'),
('SE0000744195', '2011-07-11', '350.0000000000000'),
('SE0001775669', '2011-07-11', '237.8700000000000'),
('SE0001809476', '2011-07-11', '1009.7400000000000'),
('SE0002905992', '2011-07-11', '117.7100000000000'),
('SIM', '2011-07-11', '100.6319609389520'),
('SE0000744195', '2011-07-12', '348.5700000000000'),
('SE0001775669', '2011-07-12', '235.2700000000000'),
('SE0001809476', '2011-07-12', '1002.4800000000000'),
('SE0002905992', '2011-07-12', '117.3200000000000'),
('SIM', '2011-07-12', '100.6407662355342'),
('SE0000744195', '2011-07-13', '351.3400000000000'),
('SE0001775669', '2011-07-13', '236.5400000000000'),
('SE0001809476', '2011-07-13', '1013.1300000000000'),
('SE0002905992', '2011-07-13', '118.4000000000000'),
('SIM', '2011-07-13', '100.6495723025798'),
('SE0000744195', '2011-07-14', '346.1200000000000'),
('SE0001775669', '2011-07-14', '235.6300000000000'),
('SE0001809476', '2011-07-14', '996.3200000000000'),
('SE0002905992', '2011-07-14', '116.6300000000000'),
('SIM', '2011-07-14', '100.6583791401562'),
('SE0000744195', '2011-07-15', '342.1800000000000'),
('SE0001775669', '2011-07-15', '233.9900000000000'),
('SE0001809476', '2011-07-15', '987.1800000000000'),
('SE0002905992', '2011-07-15', '115.2300000000000'),
('SIM', '2011-07-15', '100.6671867483310'),
('SIM', '2011-07-16', '100.6759951271715'),
('SIM', '2011-07-17', '100.6848042767451'),
('SE0000744195', '2011-07-18', '334.4700000000000'),
('SE0001775669', '2011-07-18', '231.6300000000000'),
('SE0001809476', '2011-07-18', '962.6900000000000'),
('SE0002905992', '2011-07-18', '112.6400000000000'),
('SIM', '2011-07-18', '100.6936141971193'),
('SE0000744195', '2011-07-19', '340.4000000000000'),
('SE0001775669', '2011-07-19', '231.3200000000000'),
('SE0001809476', '2011-07-19', '979.7200000000000'),
('SE0002905992', '2011-07-19', '114.6600000000000'),
('SIM', '2011-07-19', '100.7024248883616'),
('SE0000744195', '2011-07-20', '345.6000000000000'),
('SE0001775669', '2011-07-20', '232.9000000000000'),
('SE0001809476', '2011-07-20', '995.8200000000000'),
('SE0002905992', '2011-07-20', '116.4000000000000'),
('SIM', '2011-07-20', '100.7112363505393'),
('SE0000744195', '2011-07-21', '344.1600000000000'),
('SE0001775669', '2011-07-21', '231.7300000000000'),
('SE0001809476', '2011-07-21', '997.9100000000000'),
('SE0002905992', '2011-07-21', '115.7100000000000'),
('SIM', '2011-07-21', '100.7200485837200'),
('SE0000744195', '2011-07-22', '345.8700000000000'),
('SE0001775669', '2011-07-22', '233.7000000000000'),
('SE0001809476', '2011-07-22', '999.7700000000000'),
('SE0002905992', '2011-07-22', '116.2000000000000'),
('SIM', '2011-07-22', '100.7288615879711'),
('SIM', '2011-07-23', '100.7376753633600'),
('SIM', '2011-07-24', '100.7464899099543'),
('SE0000744195', '2011-07-25', '344.3300000000000'),
('SE0001775669', '2011-07-25', '233.6800000000000'),
('SE0001809476', '2011-07-25', '996.1600000000000'),
('SE0002905992', '2011-07-25', '115.7000000000000'),
('SIM', '2011-07-25', '100.7553052278214'),
('SE0000744195', '2011-07-26', '341.3900000000000'),
('SE0001775669', '2011-07-26', '232.7600000000000'),
('SE0001809476', '2011-07-26', '988.3500000000000'),
('SE0002905992', '2011-07-26', '114.7300000000000'),
('SIM', '2011-07-26', '100.7641213170289'),
('SE0000744195', '2011-07-27', '339.2100000000000'),
('SE0001775669', '2011-07-27', '231.9000000000000'),
('SE0001809476', '2011-07-27', '980.5900000000000'),
('SE0002905992', '2011-07-27', '113.9200000000000'),
('SIM', '2011-07-27', '100.7729381776441'),
('SE0000744195', '2011-07-28', '338.1600000000000'),
('SE0001775669', '2011-07-28', '230.6400000000000'),
('SE0001809476', '2011-07-28', '977.9200000000000'),
('SE0002905992', '2011-07-28', '113.6100000000000'),
('SIM', '2011-07-28', '100.7817558097347'),
('SE0000744195', '2011-07-29', '337.3800000000000'),
('SE0001775669', '2011-07-29', '230.5600000000000'),
('SE0001809476', '2011-07-29', '972.9700000000000'),
('SE0002905992', '2011-07-29', '113.2900000000000'),
('SIM', '2011-07-29', '100.7905742133680'),
('SIM', '2011-07-30', '100.7993933886117'),
('SIM', '2011-07-31', '100.8082133355332'),
('SE0000744195', '2011-08-01', '329.5400000000000'),
('SE0001775669', '2011-08-01', '229.8700000000000'),
('SE0001809476', '2011-08-01', '951.4500000000000'),
('SE0002905992', '2011-08-01', '110.5500000000000'),
('SIM', '2011-08-01', '100.8170340542001'),
('SE0000744195', '2011-08-02', '320.8900000000000'),
('SE0001775669', '2011-08-02', '223.8200000000000'),
('SE0001809476', '2011-08-02', '929.8000000000000'),
('SE0002905992', '2011-08-02', '107.5800000000000'),
('SIM', '2011-08-02', '100.8258555446798'),
('SE0000744195', '2011-08-03', '310.6900000000000'),
('SE0001775669', '2011-08-03', '218.3100000000000'),
('SE0001809476', '2011-08-03', '897.1100000000000'),
('SE0002905992', '2011-08-03', '104.2600000000000'),
('SIM', '2011-08-03', '100.8346778070400'),
('SE0000744195', '2011-08-04', '296.5600000000000'),
('SE0001775669', '2011-08-04', '212.8300000000000'),
('SE0001809476', '2011-08-04', '855.4600000000000'),
('SE0002905992', '2011-08-04', '99.4800000000000'),
('SIM', '2011-08-04', '100.8435008413481'),
('SE0000744195', '2011-08-05', '297.2400000000000'),
('SE0001775669', '2011-08-05', '208.8600000000000'),
('SE0001809476', '2011-08-05', '851.6800000000000'),
('SE0002905992', '2011-08-05', '99.9800000000000'),
('SIM', '2011-08-05', '100.8523246476717'),
('SIM', '2011-08-06', '100.8611492260784'),
('SIM', '2011-08-07', '100.8699745766357'),
('SE0000744195', '2011-08-08', '281.9400000000000'),
('SE0001775669', '2011-08-08', '200.7000000000000'),
('SE0001809476', '2011-08-08', '813.5200000000000'),
('SE0002905992', '2011-08-08', '94.8000000000000'),
('SIM', '2011-08-08', '100.8788006994111'),
('SE0000744195', '2011-08-09', '291.1200000000000'),
('SE0001775669', '2011-08-09', '203.5800000000000'),
('SE0001809476', '2011-08-09', '837.5500000000000'),
('SE0002905992', '2011-08-09', '98.2400000000000'),
('SIM', '2011-08-09', '100.8876275944723'),
('SE0000744195', '2011-08-10', '284.2900000000000'),
('SE0001775669', '2011-08-10', '204.9500000000000'),
('SE0001809476', '2011-08-10', '812.6000000000000'),
('SE0002905992', '2011-08-10', '95.4600000000000'),
('SIM', '2011-08-10', '100.8964552618868'),
('SE0000744195', '2011-08-11', '294.2500000000000'),
('SE0001775669', '2011-08-11', '206.7900000000000'),
('SE0001809476', '2011-08-11', '842.0300000000000'),
('SE0002905992', '2011-08-11', '98.9100000000000'),
('SIM', '2011-08-11', '100.9052837017223'),
('SE0000744195', '2011-08-12', '301.3900000000000'),
('SE0001775669', '2011-08-12', '211.2900000000000'),
('SE0001809476', '2011-08-12', '863.1700000000000'),
('SE0002905992', '2011-08-12', '101.2700000000000'),
('SIM', '2011-08-12', '100.9141129140462'),
('SIM', '2011-08-13', '100.9229428989261'),
('SIM', '2011-08-14', '100.9317736564298'),
('SE0000744195', '2011-08-15', '305.3100000000000'),
('SE0001775669', '2011-08-15', '215.3500000000000'),
('SE0001809476', '2011-08-15', '875.5200000000000'),
('SE0002905992', '2011-08-15', '102.4100000000000'),
('SIM', '2011-08-15', '100.9406051866247'),
('SE0000744195', '2011-08-16', '301.8500000000000'),
('SE0001775669', '2011-08-16', '213.6300000000000'),
('SE0001809476', '2011-08-16', '869.1300000000000'),
('SE0002905992', '2011-08-16', '101.1500000000000'),
('SIM', '2011-08-16', '100.9494374895786'),
('SE0000744195', '2011-08-17', '301.7000000000000'),
('SE0001775669', '2011-08-17', '212.7000000000000'),
('SE0001809476', '2011-08-17', '872.0200000000000'),
('SE0002905992', '2011-08-17', '101.0500000000000'),
('SIM', '2011-08-17', '100.9582705653589'),
('SE0000744195', '2011-08-18', '283.0500000000000'),
('SE0001775669', '2011-08-18', '206.9400000000000'),
('SE0001809476', '2011-08-18', '811.6900000000000'),
('SE0002905992', '2011-08-18', '94.4300000000000'),
('SIM', '2011-08-18', '100.9671044140334'),
('SE0000744195', '2011-08-19', '277.6800000000000'),
('SE0001775669', '2011-08-19', '205.1700000000000'),
('SE0001809476', '2011-08-19', '803.5600000000000'),
('SE0002905992', '2011-08-19', '92.7400000000000'),
('SIM', '2011-08-19', '100.9759390356696'),
('SIM', '2011-08-20', '100.9847744303352'),
('SIM', '2011-08-21', '100.9936105980979'),
('SE0000744195', '2011-08-22', '280.4800000000000'),
('SE0001775669', '2011-08-22', '205.9900000000000'),
('SE0001809476', '2011-08-22', '808.5800000000000'),
('SE0002905992', '2011-08-22', '93.6000000000000'),
('SIM', '2011-08-22', '101.0024475390252'),
('SE0000744195', '2011-08-23', '285.4400000000000'),
('SE0001775669', '2011-08-23', '207.6500000000000'),
('SE0001809476', '2011-08-23', '816.6400000000000'),
('SE0002905992', '2011-08-23', '95.3000000000000'),
('SIM', '2011-08-23', '101.0112852531849'),
('SE0000744195', '2011-08-24', '289.4700000000000'),
('SE0001775669', '2011-08-24', '208.1200000000000'),
('SE0001809476', '2011-08-24', '827.9400000000000'),
('SE0002905992', '2011-08-24', '96.5400000000000'),
('SIM', '2011-08-24', '101.0201237406446'),
('SE0000744195', '2011-08-25', '285.6700000000000'),
('SE0001775669', '2011-08-25', '207.4600000000000'),
('SE0001809476', '2011-08-25', '816.1500000000000'),
('SE0002905992', '2011-08-25', '95.2100000000000'),
('SIM', '2011-08-25', '101.0289630014719'),
('SE0000744195', '2011-08-26', '285.5500000000000'),
('SE0001775669', '2011-08-26', '206.3300000000000'),
('SE0001809476', '2011-08-26', '816.1800000000000'),
('SE0002905992', '2011-08-26', '95.2800000000000'),
('SIM', '2011-08-26', '101.0378030357345'),
('SIM', '2011-08-27', '101.0466438435001'),
('SIM', '2011-08-28', '101.0554854248364'),
('SE0000744195', '2011-08-29', '292.7100000000000'),
('SE0001775669', '2011-08-29', '208.0600000000000'),
('SE0001809476', '2011-08-29', '838.8800000000000'),
('SE0002905992', '2011-08-29', '97.7100000000000'),
('SIM', '2011-08-29', '101.0643277798111'),
('SE0000744195', '2011-08-30', '293.7700000000000'),
('SE0001775669', '2011-08-30', '209.3600000000000'),
('SE0001809476', '2011-08-30', '839.1400000000000'),
('SE0002905992', '2011-08-30', '98.0800000000000'),
('SIM', '2011-08-30', '101.0731709084918'),
('SE0000744195', '2011-08-31', '301.7600000000000'),
('SE0001775669', '2011-08-31', '211.3400000000000'),
('SE0001809476', '2011-08-31', '870.5600000000000'),
('SE0002905992', '2011-08-31', '100.8400000000000'),
('SIM', '2011-08-31', '101.0820148109463'),
('SE0000744195', '2011-09-01', '303.6100000000000'),
('SE0001775669', '2011-09-01', '210.8300000000000'),
('SE0001809476', '2011-09-01', '877.9500000000000'),
('SE0002905992', '2011-09-01', '101.5500000000000'),
('SIM', '2011-09-01', '101.0908594872423'),
('SE0000744195', '2011-09-02', '294.8300000000000'),
('SE0001775669', '2011-09-02', '208.3700000000000'),
('SE0001809476', '2011-09-02', '849.5000000000000'),
('SE0002905992', '2011-09-02', '98.4400000000000'),
('SIM', '2011-09-02', '101.0997049374474'),
('SIM', '2011-09-03', '101.1085511616294'),
('SIM', '2011-09-04', '101.1173981598561'),
('SE0000744195', '2011-09-05', '281.1400000000000'),
('SE0001775669', '2011-09-05', '203.7700000000000'),
('SE0001809476', '2011-09-05', '812.3100000000000'),
('SE0002905992', '2011-09-05', '93.7200000000000'),
('SIM', '2011-09-05', '101.1262459321951'),
('SE0000744195', '2011-09-06', '280.7400000000000'),
('SE0001775669', '2011-09-06', '201.9200000000000'),
('SE0001809476', '2011-09-06', '816.2400000000000'),
('SE0002905992', '2011-09-06', '93.6800000000000'),
('SIM', '2011-09-06', '101.1350944787142'),
('SE0000744195', '2011-09-07', '290.3600000000000'),
('SE0001775669', '2011-09-07', '203.0400000000000'),
('SE0001809476', '2011-09-07', '849.9100000000000'),
('SE0002905992', '2011-09-07', '96.9300000000000'),
('SIM', '2011-09-07', '101.1439437994811'),
('SE0000744195', '2011-09-08', '290.5900000000000'),
('SE0001775669', '2011-09-08', '203.3700000000000'),
('SE0001809476', '2011-09-08', '855.9200000000000'),
('SE0002905992', '2011-09-08', '96.9500000000000'),
('SIM', '2011-09-08', '101.1527938945635'),
('SE0000744195', '2011-09-09', '280.6400000000000'),
('SE0001775669', '2011-09-09', '200.2300000000000'),
('SE0001809476', '2011-09-09', '827.7800000000000'),
('SE0002905992', '2011-09-09', '93.4700000000000'),
('SIM', '2011-09-09', '101.1616447640293'),
('SIM', '2011-09-10', '101.1704964079461'),
('SIM', '2011-09-11', '101.1793488263818'),
('SE0000744195', '2011-09-12', '273.3600000000000'),
('SE0001775669', '2011-09-12', '197.8600000000000'),
('SE0001809476', '2011-09-12', '796.2500000000000'),
('SE0002905992', '2011-09-12', '91.1500000000000'),
('SIM', '2011-09-12', '101.1882020194041'),
('SE0000744195', '2011-09-13', '277.4300000000000'),
('SE0001775669', '2011-09-13', '199.2300000000000'),
('SE0001809476', '2011-09-13', '801.4900000000000'),
('SE0002905992', '2011-09-13', '92.6900000000000'),
('SIM', '2011-09-13', '101.1970559870808'),
('SE0000744195', '2011-09-14', '281.3100000000000'),
('SE0001775669', '2011-09-14', '201.5800000000000'),
('SE0001809476', '2011-09-14', '807.0400000000000'),
('SE0002905992', '2011-09-14', '94.0900000000000'),
('SIM', '2011-09-14', '101.2059107294797'),
('SE0000744195', '2011-09-15', '290.9800000000000'),
('SE0001775669', '2011-09-15', '203.1900000000000'),
('SE0001809476', '2011-09-15', '838.5400000000000'),
('SE0002905992', '2011-09-15', '97.4400000000000'),
('SIM', '2011-09-15', '101.2147662466685'),
('SE0000744195', '2011-09-16', '292.1400000000000'),
('SE0001775669', '2011-09-16', '203.8300000000000'),
('SE0001809476', '2011-09-16', '840.2000000000000'),
('SE0002905992', '2011-09-16', '97.7600000000000'),
('SIM', '2011-09-16', '101.2236225387151'),
('SIM', '2011-09-17', '101.2324796056873'),
('SIM', '2011-09-18', '101.2413374476528'),
('SE0000744195', '2011-09-19', '283.0300000000000'),
('SE0001775669', '2011-09-19', '201.4300000000000'),
('SE0001809476', '2011-09-19', '814.0600000000000'),
('SE0002905992', '2011-09-19', '94.6200000000000'),
('SIM', '2011-09-19', '101.2501960646794'),
('SE0000744195', '2011-09-20', '289.2100000000000'),
('SE0001775669', '2011-09-20', '201.3200000000000'),
('SE0001809476', '2011-09-20', '838.3900000000000'),
('SE0002905992', '2011-09-20', '96.8000000000000'),
('SIM', '2011-09-20', '101.2590554568351'),
('SE0000744195', '2011-09-21', '285.6200000000000'),
('SE0001775669', '2011-09-21', '202.1900000000000'),
('SE0001809476', '2011-09-21', '824.1400000000000'),
('SE0002905992', '2011-09-21', '95.5300000000000'),
('SIM', '2011-09-21', '101.2679156241876'),
('SE0000744195', '2011-09-22', '272.1900000000000'),
('SE0001775669', '2011-09-22', '199.9500000000000'),
('SE0001809476', '2011-09-22', '776.5100000000000'),
('SE0002905992', '2011-09-22', '90.8100000000000'),
('SIM', '2011-09-22', '101.2767765668047'),
('SE0000744195', '2011-09-23', '271.1600000000000'),
('SE0001775669', '2011-09-23', '196.9300000000000'),
('SE0001809476', '2011-09-23', '775.6000000000000'),
('SE0002905992', '2011-09-23', '90.5400000000000'),
('SIM', '2011-09-23', '101.2856382847543'),
('SIM', '2011-09-24', '101.2945007781042'),
('SIM', '2011-09-25', '101.3033640469223'),
('SE0000744195', '2011-09-26', '272.8300000000000'),
('SE0001775669', '2011-09-26', '196.3000000000000'),
('SE0001809476', '2011-09-26', '786.2900000000000'),
('SE0002905992', '2011-09-26', '91.3300000000000'),
('SIM', '2011-09-26', '101.3122280912764'),
('SE0000744195', '2011-09-27', '288.3100000000000'),
('SE0001775669', '2011-09-27', '199.5300000000000'),
('SE0001809476', '2011-09-27', '837.3700000000000'),
('SE0002905992', '2011-09-27', '96.7600000000000'),
('SIM', '2011-09-27', '101.3210929112344'),
('SE0000744195', '2011-09-28', '282.4600000000000'),
('SE0001775669', '2011-09-28', '198.9300000000000'),
('SE0001809476', '2011-09-28', '816.2500000000000'),
('SE0002905992', '2011-09-28', '94.6100000000000'),
('SIM', '2011-09-28', '101.3299585068641'),
('SE0000744195', '2011-09-29', '289.4800000000000'),
('SE0001775669', '2011-09-29', '199.4300000000000'),
('SE0001809476', '2011-09-29', '834.5600000000000'),
('SE0002905992', '2011-09-29', '97.0900000000000'),
('SIM', '2011-09-29', '101.3388248782335'),
('SE0000744195', '2011-09-30', '283.5600000000000'),
('SE0001775669', '2011-09-30', '198.9900000000000'),
('SE0001809476', '2011-09-30', '816.2900000000000'),
('SE0002905992', '2011-09-30', '94.9000000000000'),
('SIM', '2011-09-30', '101.3476920254103'),
('SIM', '2011-10-01', '101.3565599484625'),
('SIM', '2011-10-02', '101.3654286474580'),
('SE0000744195', '2011-10-03', '281.0500000000000'),
('SE0001775669', '2011-10-03', '196.8400000000000'),
('SE0001809476', '2011-10-03', '815.4200000000000'),
('SE0002905992', '2011-10-03', '93.9800000000000'),
('SIM', '2011-10-03', '101.3742981224647'),
('SE0000744195', '2011-10-04', '270.2400000000000'),
('SE0001775669', '2011-10-04', '194.6000000000000'),
('SE0001809476', '2011-10-04', '780.8500000000000'),
('SE0002905992', '2011-10-04', '90.3000000000000'),
('SIM', '2011-10-04', '101.3831683735504'),
('SE0000744195', '2011-10-05', '279.6700000000000'),
('SE0001775669', '2011-10-05', '195.2300000000000'),
('SE0001809476', '2011-10-05', '806.9700000000000'),
('SE0002905992', '2011-10-05', '93.6800000000000'),
('SIM', '2011-10-05', '101.3920394007831'),
('SE0000744195', '2011-10-06', '286.1000000000000'),
('SE0001775669', '2011-10-06', '197.0400000000000'),
('SE0001809476', '2011-10-06', '824.3700000000000'),
('SE0002905992', '2011-10-06', '96.0900000000000'),
('SIM', '2011-10-06', '101.4009112042307'),
('SE0000744195', '2011-10-07', '285.7000000000000'),
('SE0001775669', '2011-10-07', '196.3500000000000'),
('SE0001809476', '2011-10-07', '827.4300000000000'),
('SE0002905992', '2011-10-07', '95.9300000000000'),
('SIM', '2011-10-07', '101.4097837839610'),
('SIM', '2011-10-08', '101.4186571400421'),
('SIM', '2011-10-09', '101.4275312725419'),
('SE0000744195', '2011-10-10', '294.0200000000000'),
('SE0001775669', '2011-10-10', '197.0800000000000'),
('SE0001809476', '2011-10-10', '852.4600000000000'),
('SE0002905992', '2011-10-10', '98.8200000000000'),
('SIM', '2011-10-10', '101.4364061815282'),
('SE0000744195', '2011-10-11', '293.6500000000000'),
('SE0001775669', '2011-10-11', '197.4200000000000'),
('SE0001809476', '2011-10-11', '848.7900000000000'),
('SE0002905992', '2011-10-11', '98.6800000000000'),
('SIM', '2011-10-11', '101.4452818670691'),
('SE0000744195', '2011-10-12', '297.6100000000000'),
('SE0001775669', '2011-10-12', '198.3900000000000'),
('SE0001809476', '2011-10-12', '863.7200000000000'),
('SE0002905992', '2011-10-12', '100.0100000000000'),
('SIM', '2011-10-12', '101.4541583292325'),
('SE0000744195', '2011-10-13', '291.4400000000000'),
('SE0001775669', '2011-10-13', '198.0200000000000'),
('SE0001809476', '2011-10-13', '844.3800000000000'),
('SE0002905992', '2011-10-13', '97.7900000000000'),
('SIM', '2011-10-13', '101.4630355680863'),
('SE0000744195', '2011-10-14', '297.7300000000000'),
('SE0001775669', '2011-10-14', '199.2000000000000'),
('SE0001809476', '2011-10-14', '857.1500000000000'),
('SE0002905992', '2011-10-14', '99.9600000000000'),
('SIM', '2011-10-14', '101.4719135836985'),
('SIM', '2011-10-15', '101.4807923761371'),
('SIM', '2011-10-16', '101.4896719454700'),
('SE0000744195', '2011-10-17', '293.2900000000000'),
('SE0001775669', '2011-10-17', '199.3500000000000'),
('SE0001809476', '2011-10-17', '840.4900000000000'),
('SE0002905992', '2011-10-17', '98.3600000000000'),
('SIM', '2011-10-17', '101.4985522917653'),
('SE0000744195', '2011-10-18', '295.1900000000000'),
('SE0001775669', '2011-10-18', '198.4500000000000'),
('SE0001809476', '2011-10-18', '845.5900000000000'),
('SE0002905992', '2011-10-18', '99.0100000000000'),
('SIM', '2011-10-18', '101.5074334150908'),
('SE0000744195', '2011-10-19', '293.6700000000000'),
('SE0001775669', '2011-10-19', '198.1700000000000'),
('SE0001809476', '2011-10-19', '842.1600000000000'),
('SE0002905992', '2011-10-19', '98.3800000000000'),
('SIM', '2011-10-19', '101.5163153155146'),
('SE0000744195', '2011-10-20', '291.5600000000000'),
('SE0001775669', '2011-10-20', '197.7700000000000'),
('SE0001809476', '2011-10-20', '836.4100000000000'),
('SE0002905992', '2011-10-20', '97.6400000000000'),
('SIM', '2011-10-20', '101.5251979931047'),
('SE0000744195', '2011-10-21', '300.0400000000000'),
('SE0001775669', '2011-10-21', '198.4100000000000'),
('SE0001809476', '2011-10-21', '860.0200000000000'),
('SE0002905992', '2011-10-21', '100.6800000000000'),
('SIM', '2011-10-21', '101.5340814479291'),
('SIM', '2011-10-22', '101.5429656800558'),
('SIM', '2011-10-23', '101.5518506895528'),
('SE0000744195', '2011-10-24', '304.6400000000000'),
('SE0001775669', '2011-10-24', '199.5900000000000'),
('SE0001809476', '2011-10-24', '874.9100000000000'),
('SE0002905992', '2011-10-24', '102.2800000000000'),
('SIM', '2011-10-24', '101.5607364764881'),
('SE0000744195', '2011-10-25', '303.5300000000000'),
('SE0001775669', '2011-10-25', '199.8400000000000'),
('SE0001809476', '2011-10-25', '874.4400000000000'),
('SE0002905992', '2011-10-25', '101.9300000000000'),
('SIM', '2011-10-25', '101.5696230409298'),
('SE0000744195', '2011-10-26', '305.7600000000000'),
('SE0001775669', '2011-10-26', '199.9800000000000'),
('SE0001809476', '2011-10-26', '882.0800000000000'),
('SE0002905992', '2011-10-26', '102.8100000000000'),
('SIM', '2011-10-26', '101.5785103829459'),
('SE0000744195', '2011-10-27', '319.2000000000000'),
('SE0001775669', '2011-10-27', '202.6800000000000'),
('SE0001809476', '2011-10-27', '931.8000000000000'),
('SE0002905992', '2011-10-27', '107.4600000000000'),
('SIM', '2011-10-27', '101.5873985026044'),
('SE0000744195', '2011-10-28', '318.5600000000000'),
('SE0001775669', '2011-10-28', '203.1200000000000'),
('SE0001809476', '2011-10-28', '929.7600000000000'),
('SE0002905992', '2011-10-28', '107.2600000000000'),
('SIM', '2011-10-28', '101.5962873999734'),
('SIM', '2011-10-29', '101.6051770751209'),
('SIM', '2011-10-30', '101.6140675281150'),
('SE0000744195', '2011-10-31', '308.6300000000000'),
('SE0001775669', '2011-10-31', '202.8300000000000'),
('SE0001809476', '2011-10-31', '894.4200000000000'),
('SE0002905992', '2011-10-31', '103.6800000000000'),
('SIM', '2011-10-31', '101.6229587590237'),
('SE0000744195', '2011-11-01', '294.7900000000000'),
('SE0001775669', '2011-11-01', '198.5100000000000'),
('SE0001809476', '2011-11-01', '855.5400000000000'),
('SE0002905992', '2011-11-01', '99.0100000000000'),
('SIM', '2011-11-01', '101.6318507679151'),
('SE0000744195', '2011-11-02', '300.5600000000000'),
('SE0001775669', '2011-11-02', '200.4900000000000'),
('SE0001809476', '2011-11-02', '868.2000000000000'),
('SE0002905992', '2011-11-02', '101.0500000000000'),
('SIM', '2011-11-02', '101.6407435548573'),
('SE0000744195', '2011-11-03', '305.2200000000000'),
('SE0001775669', '2011-11-03', '200.8300000000000'),
('SE0001809476', '2011-11-03', '888.4900000000000'),
('SE0002905992', '2011-11-03', '102.7300000000000'),
('SIM', '2011-11-03', '101.6496371199184'),
('SE0000744195', '2011-11-04', '307.5100000000000'),
('SE0001775669', '2011-11-04', '201.4900000000000'),
('SE0001809476', '2011-11-04', '886.5000000000000'),
('SE0002905992', '2011-11-04', '103.4000000000000'),
('SIM', '2011-11-04', '101.6585314631664'),
('SIM', '2011-11-05', '101.6674265846694'),
('SIM', '2011-11-06', '101.6763224844956'),
('SE0000744195', '2011-11-07', '302.2700000000000'),
('SE0001775669', '2011-11-07', '201.1500000000000'),
('SE0001809476', '2011-11-07', '880.0400000000000'),
('SE0002905992', '2011-11-07', '101.5700000000000'),
('SIM', '2011-11-07', '101.6852191627130'),
('SE0000744195', '2011-11-08', '302.9900000000000'),
('SE0001775669', '2011-11-08', '201.1200000000000'),
('SE0001809476', '2011-11-08', '884.6100000000000'),
('SE0002905992', '2011-11-08', '101.7900000000000');
INSERT INTO `indexprice` (`ISIN`, `date`, `price`) VALUES
('SIM', '2011-11-08', '101.6941166193897'),
('SE0000744195', '2011-11-09', '296.3100000000000'),
('SE0001775669', '2011-11-09', '199.9400000000000'),
('SE0001809476', '2011-11-09', '864.9900000000000'),
('SE0002905992', '2011-11-09', '99.4700000000000'),
('SIM', '2011-11-09', '101.7030148545939'),
('SE0000744195', '2011-11-10', '295.4300000000000'),
('SE0001775669', '2011-11-10', '199.6000000000000'),
('SE0001809476', '2011-11-10', '859.8900000000000'),
('SE0002905992', '2011-11-10', '99.2400000000000'),
('SIM', '2011-11-10', '101.7119138683937'),
('SE0000744195', '2011-11-11', '304.7700000000000'),
('SE0001775669', '2011-11-11', '201.3900000000000'),
('SE0001809476', '2011-11-11', '886.0800000000000'),
('SE0002905992', '2011-11-11', '102.4500000000000'),
('SIM', '2011-11-11', '101.7208136608571'),
('SIM', '2011-11-12', '101.7297142320525'),
('SIM', '2011-11-13', '101.7386155820478'),
('SE0000744195', '2011-11-14', '301.2000000000000'),
('SE0001775669', '2011-11-14', '202.1000000000000'),
('SE0001809476', '2011-11-14', '875.0700000000000'),
('SE0002905992', '2011-11-14', '101.1400000000000'),
('SIM', '2011-11-14', '101.7475177109112'),
('SE0000744195', '2011-11-15', '299.5600000000000'),
('SE0001775669', '2011-11-15', '200.7400000000000'),
('SE0001809476', '2011-11-15', '871.2100000000000'),
('SE0002905992', '2011-11-15', '100.6300000000000'),
('SIM', '2011-11-15', '101.7564206187109'),
('SE0000744195', '2011-11-16', '299.4000000000000'),
('SE0001775669', '2011-11-16', '200.8200000000000'),
('SE0001809476', '2011-11-16', '871.1800000000000'),
('SE0002905992', '2011-11-16', '100.6100000000000'),
('SIM', '2011-11-16', '101.7653243055151'),
('SE0000744195', '2011-11-17', '295.0000000000000'),
('SE0001775669', '2011-11-17', '199.6400000000000'),
('SE0001809476', '2011-11-17', '859.5400000000000'),
('SE0002905992', '2011-11-17', '99.1500000000000'),
('SIM', '2011-11-17', '101.7742287713918'),
('SE0000744195', '2011-11-18', '292.7700000000000'),
('SE0001775669', '2011-11-18', '198.8300000000000'),
('SE0001809476', '2011-11-18', '852.3200000000000'),
('SE0002905992', '2011-11-18', '98.3700000000000'),
('SIM', '2011-11-18', '101.7831340164093'),
('SIM', '2011-11-19', '101.7920400406357'),
('SIM', '2011-11-20', '101.8009468441393'),
('SE0000744195', '2011-11-21', '282.3900000000000'),
('SE0001775669', '2011-11-21', '195.8900000000000'),
('SE0001809476', '2011-11-21', '821.7300000000000'),
('SE0002905992', '2011-11-21', '94.7300000000000'),
('SIM', '2011-11-21', '101.8098544269882'),
('SE0000744195', '2011-11-22', '281.9400000000000'),
('SE0001775669', '2011-11-22', '195.4100000000000'),
('SE0001809476', '2011-11-22', '815.3100000000000'),
('SE0002905992', '2011-11-22', '94.6300000000000'),
('SIM', '2011-11-22', '101.8187627892505'),
('SE0000744195', '2011-11-23', '276.7800000000000'),
('SE0001775669', '2011-11-23', '194.1300000000000'),
('SE0001809476', '2011-11-23', '801.9900000000000'),
('SE0002905992', '2011-11-23', '92.8800000000000'),
('SIM', '2011-11-23', '101.8276719309946'),
('SE0000744195', '2011-11-24', '276.4100000000000'),
('SE0001775669', '2011-11-24', '194.2800000000000'),
('SE0001809476', '2011-11-24', '799.3400000000000'),
('SE0002905992', '2011-11-24', '92.7200000000000'),
('SIM', '2011-11-24', '101.8365818522885'),
('SE0000744195', '2011-11-25', '277.3300000000000'),
('SE0001775669', '2011-11-25', '194.5200000000000'),
('SE0001809476', '2011-11-25', '800.9200000000000'),
('SE0002905992', '2011-11-25', '93.0600000000000'),
('SIM', '2011-11-25', '101.8454925532006'),
('SIM', '2011-11-26', '101.8544040337990'),
('SIM', '2011-11-27', '101.8633162941520'),
('SE0000744195', '2011-11-28', '288.4500000000000'),
('SE0001775669', '2011-11-28', '196.2800000000000'),
('SE0001809476', '2011-11-28', '836.0600000000000'),
('SE0002905992', '2011-11-28', '96.9600000000000'),
('SIM', '2011-11-28', '101.8722293343277'),
('SE0000744195', '2011-11-29', '290.3700000000000'),
('SE0001775669', '2011-11-29', '195.2600000000000'),
('SE0001809476', '2011-11-29', '843.0400000000000'),
('SE0002905992', '2011-11-29', '97.6100000000000'),
('SIM', '2011-11-29', '101.8811431543945'),
('SE0000744195', '2011-11-30', '304.1700000000000'),
('SE0001775669', '2011-11-30', '196.3200000000000'),
('SE0001809476', '2011-11-30', '888.7800000000000'),
('SE0002905992', '2011-11-30', '102.5100000000000'),
('SIM', '2011-11-30', '101.8900577544205'),
('SE0000744195', '2011-12-01', '300.7200000000000'),
('SE0001775669', '2011-12-01', '195.8700000000000'),
('SE0001809476', '2011-12-01', '875.2100000000000'),
('SE0002905992', '2011-12-01', '101.3900000000000'),
('SIM', '2011-12-01', '101.8989731344740'),
('SE0000744195', '2011-12-02', '302.9900000000000'),
('SE0001775669', '2011-12-02', '195.9400000000000'),
('SE0001809476', '2011-12-02', '885.3900000000000'),
('SE0002905992', '2011-12-02', '102.1400000000000'),
('SIM', '2011-12-02', '101.9078892946233'),
('SIM', '2011-12-03', '101.9168062349366'),
('SIM', '2011-12-04', '101.9257239554821'),
('SE0000744195', '2011-12-05', '306.9000000000000'),
('SE0001775669', '2011-12-05', '196.5200000000000'),
('SE0001809476', '2011-12-05', '896.6300000000000'),
('SE0002905992', '2011-12-05', '103.5800000000000'),
('SIM', '2011-12-05', '101.9346424563282'),
('SE0000744195', '2011-12-06', '303.5300000000000'),
('SE0001775669', '2011-12-06', '196.1700000000000'),
('SE0001809476', '2011-12-06', '889.8200000000000'),
('SE0002905992', '2011-12-06', '102.3900000000000'),
('SIM', '2011-12-06', '101.9435617375432'),
('SE0000744195', '2011-12-07', '303.7200000000000'),
('SE0001775669', '2011-12-07', '195.1900000000000'),
('SE0001809476', '2011-12-07', '888.7100000000000'),
('SE0002905992', '2011-12-07', '102.5400000000000'),
('SIM', '2011-12-07', '101.9524817991952'),
('SE0000744195', '2011-12-08', '296.7000000000000'),
('SE0001775669', '2011-12-08', '193.8900000000000'),
('SE0001809476', '2011-12-08', '867.5900000000000'),
('SE0002905992', '2011-12-08', '100.1300000000000'),
('SIM', '2011-12-08', '101.9614026413526'),
('SE0000744195', '2011-12-09', '298.2200000000000'),
('SE0001775669', '2011-12-09', '193.8400000000000'),
('SE0001809476', '2011-12-09', '874.4200000000000'),
('SE0002905992', '2011-12-09', '100.6900000000000'),
('SIM', '2011-12-09', '101.9703242640838'),
('SIM', '2011-12-10', '101.9792466674569'),
('SIM', '2011-12-11', '101.9881698515403'),
('SE0000744195', '2011-12-12', '292.0500000000000'),
('SE0001775669', '2011-12-12', '192.6200000000000'),
('SE0001809476', '2011-12-12', '853.6800000000000'),
('SE0002905992', '2011-12-12', '98.5200000000000'),
('SIM', '2011-12-12', '101.9970938164023'),
('SE0000744195', '2011-12-13', '296.5500000000000'),
('SE0001775669', '2011-12-13', '193.5600000000000'),
('SE0001809476', '2011-12-13', '860.6100000000000'),
('SE0002905992', '2011-12-13', '100.0500000000000'),
('SIM', '2011-12-13', '102.0060185621112'),
('SE0000744195', '2011-12-14', '291.1100000000000'),
('SE0001775669', '2011-12-14', '191.6000000000000'),
('SE0001809476', '2011-12-14', '844.8400000000000'),
('SE0002905992', '2011-12-14', '98.1800000000000'),
('SIM', '2011-12-14', '102.0149440887354'),
('SE0000744195', '2011-12-15', '293.3300000000000'),
('SE0001775669', '2011-12-15', '191.2600000000000'),
('SE0001809476', '2011-12-15', '852.8600000000000'),
('SE0002905992', '2011-12-15', '98.9600000000000'),
('SIM', '2011-12-15', '102.0238703963432'),
('SE0000744195', '2011-12-16', '291.1200000000000'),
('SE0001775669', '2011-12-16', '190.9100000000000'),
('SE0001809476', '2011-12-16', '848.2800000000000'),
('SE0002905992', '2011-12-16', '98.1200000000000'),
('SIM', '2011-12-16', '102.0327974850028'),
('SIM', '2011-12-17', '102.0417253547828'),
('SIM', '2011-12-18', '102.0506540057513'),
('SE0000744195', '2011-12-19', '290.4200000000000'),
('SE0001775669', '2011-12-19', '189.5800000000000'),
('SE0001809476', '2011-12-19', '849.5000000000000'),
('SE0002905992', '2011-12-19', '97.8100000000000'),
('SIM', '2011-12-19', '102.0595834379768'),
('SE0000744195', '2011-12-20', '298.0500000000000'),
('SE0001775669', '2011-12-20', '190.4500000000000'),
('SE0001809476', '2011-12-20', '871.2700000000000'),
('SE0002905992', '2011-12-20', '100.4100000000000'),
('SIM', '2011-12-20', '102.0685136515276'),
('SE0000744195', '2011-12-21', '298.4100000000000'),
('SE0001775669', '2011-12-21', '190.9700000000000'),
('SE0001809476', '2011-12-21', '868.6700000000000'),
('SE0002905992', '2011-12-21', '100.5200000000000'),
('SIM', '2011-12-21', '102.0774446464721'),
('SE0000744195', '2011-12-22', '301.7000000000000'),
('SE0001775669', '2011-12-22', '191.5800000000000'),
('SE0001809476', '2011-12-22', '877.2900000000000'),
('SE0002905992', '2011-12-22', '101.6200000000000'),
('SIM', '2011-12-22', '102.0863764228787'),
('SE0000744195', '2011-12-23', '305.1200000000000'),
('SE0001775669', '2011-12-23', '192.6700000000000'),
('SE0001809476', '2011-12-23', '885.7200000000000'),
('SE0002905992', '2011-12-23', '102.7700000000000'),
('SIM', '2011-12-23', '102.0953089808157'),
('SIM', '2011-12-24', '102.1042423203515'),
('SIM', '2011-12-25', '102.1131764415546'),
('SIM', '2011-12-26', '102.1221113444932'),
('SE0000744195', '2011-12-27', '303.7800000000000'),
('SE0001775669', '2011-12-27', '191.8900000000000'),
('SE0001809476', '2011-12-27', '884.2300000000000'),
('SE0002905992', '2011-12-27', '102.3100000000000'),
('SIM', '2011-12-27', '102.1310470292358'),
('SE0000744195', '2011-12-28', '301.6200000000000'),
('SE0001775669', '2011-12-28', '192.6500000000000'),
('SE0001809476', '2011-12-28', '879.0900000000000'),
('SE0002905992', '2011-12-28', '101.5400000000000'),
('SIM', '2011-12-28', '102.1399834958509'),
('SE0000744195', '2011-12-29', '303.7300000000000'),
('SE0001775669', '2011-12-29', '192.0200000000000'),
('SE0001809476', '2011-12-29', '887.9000000000000'),
('SE0002905992', '2011-12-29', '102.3500000000000'),
('SIM', '2011-12-29', '102.1489207444068'),
('SE0000744195', '2011-12-30', '307.0400000000000'),
('SE0001775669', '2011-12-30', '193.4900000000000'),
('SE0001809476', '2011-12-30', '899.7500000000000'),
('SE0002905992', '2011-12-30', '103.4100000000000'),
('SIM', '2011-12-30', '102.1578587749719'),
('SIM', '2011-12-31', '102.1667975876147'),
('SIM', '2012-01-01', '102.1760209790636'),
('SE0000744195', '2012-01-02', '311.2900000000000'),
('SE0001775669', '2012-01-02', '197.1200000000000'),
('SE0001809476', '2012-01-02', '912.5300000000000'),
('SE0002905992', '2012-01-02', '104.7700000000000'),
('SIM', '2012-01-02', '102.1852452031798'),
('SE0000744195', '2012-01-03', '317.2600000000000'),
('SE0001775669', '2012-01-03', '199.4000000000000'),
('SE0001809476', '2012-01-03', '928.5100000000000'),
('SE0002905992', '2012-01-03', '106.9000000000000'),
('SIM', '2012-01-03', '102.1944702600384'),
('SE0000744195', '2012-01-04', '313.9800000000000'),
('SE0001775669', '2012-01-04', '198.7100000000000'),
('SE0001809476', '2012-01-04', '919.0500000000000'),
('SE0002905992', '2012-01-04', '105.7000000000000'),
('SIM', '2012-01-04', '102.2036961497147'),
('SE0000744195', '2012-01-05', '313.1200000000000'),
('SE0001775669', '2012-01-05', '198.8800000000000'),
('SE0001809476', '2012-01-05', '923.0500000000000'),
('SE0002905992', '2012-01-05', '105.3700000000000'),
('SIM', '2012-01-05', '102.2129228722838'),
('SE0001775669', '2012-01-06', '199.1400000000000'),
('SE0001809476', '2012-01-06', '924.2100000000000'),
('SIM', '2012-01-06', '102.2221504278208'),
('SIM', '2012-01-07', '102.2313788164011'),
('SIM', '2012-01-08', '102.2406080380998'),
('SE0000744195', '2012-01-09', '311.3900000000000'),
('SE0001775669', '2012-01-09', '198.4100000000000'),
('SE0001809476', '2012-01-09', '923.0200000000000'),
('SE0002905992', '2012-01-09', '104.8600000000000'),
('SIM', '2012-01-09', '102.2498380929922'),
('SE0000744195', '2012-01-10', '316.1400000000000'),
('SE0001775669', '2012-01-10', '199.8500000000000'),
('SE0001809476', '2012-01-10', '938.9800000000000'),
('SE0002905992', '2012-01-10', '106.5500000000000'),
('SIM', '2012-01-10', '102.2590689811533'),
('SE0000744195', '2012-01-11', '315.8100000000000'),
('SE0001775669', '2012-01-11', '200.7500000000000'),
('SE0001809476', '2012-01-11', '933.0600000000000'),
('SE0002905992', '2012-01-11', '106.3500000000000'),
('SIM', '2012-01-11', '102.2683007026586'),
('SE0000744195', '2012-01-12', '317.8500000000000'),
('SE0001775669', '2012-01-12', '203.0600000000000'),
('SE0001809476', '2012-01-12', '932.3700000000000'),
('SE0002905992', '2012-01-12', '106.9700000000000'),
('SIM', '2012-01-12', '102.2775332575831'),
('SE0000744195', '2012-01-13', '316.2600000000000'),
('SE0001775669', '2012-01-13', '203.3100000000000'),
('SE0001809476', '2012-01-13', '926.0400000000000'),
('SE0002905992', '2012-01-13', '106.3300000000000'),
('SIM', '2012-01-13', '102.2867666460022'),
('SIM', '2012-01-14', '102.2960008679911'),
('SIM', '2012-01-15', '102.3052359236250'),
('SE0000744195', '2012-01-16', '317.6700000000000'),
('SE0001775669', '2012-01-16', '203.8500000000000'),
('SE0001809476', '2012-01-16', '935.1100000000000'),
('SE0002905992', '2012-01-16', '106.8800000000000'),
('SIM', '2012-01-16', '102.3144718129792'),
('SE0000744195', '2012-01-17', '321.0600000000000'),
('SE0001775669', '2012-01-17', '204.5900000000000'),
('SE0001809476', '2012-01-17', '948.6300000000000'),
('SE0002905992', '2012-01-17', '108.0200000000000'),
('SIM', '2012-01-17', '102.3237085361290'),
('SE0000744195', '2012-01-18', '322.1400000000000'),
('SE0001775669', '2012-01-18', '204.8800000000000'),
('SE0001809476', '2012-01-18', '954.2100000000000'),
('SE0002905992', '2012-01-18', '108.4100000000000'),
('SIM', '2012-01-18', '102.3329460931496'),
('SE0000744195', '2012-01-19', '325.0100000000000'),
('SE0001775669', '2012-01-19', '205.4700000000000'),
('SE0001809476', '2012-01-19', '964.2900000000000'),
('SE0002905992', '2012-01-19', '109.3800000000000'),
('SIM', '2012-01-19', '102.3421844841164'),
('SE0000744195', '2012-01-20', '324.1900000000000'),
('SE0001775669', '2012-01-20', '205.6500000000000'),
('SE0001809476', '2012-01-20', '958.7700000000000'),
('SE0002905992', '2012-01-20', '108.9800000000000'),
('SIM', '2012-01-20', '102.3514237091045'),
('SIM', '2012-01-21', '102.3606637681894'),
('SIM', '2012-01-22', '102.3699046614463'),
('SE0000744195', '2012-01-23', '326.7200000000000'),
('SE0001775669', '2012-01-23', '207.4600000000000'),
('SE0001809476', '2012-01-23', '964.8100000000000'),
('SE0002905992', '2012-01-23', '109.8100000000000'),
('SIM', '2012-01-23', '102.3791463889504'),
('SE0000744195', '2012-01-24', '323.9600000000000'),
('SE0001775669', '2012-01-24', '206.3700000000000'),
('SE0001809476', '2012-01-24', '952.4600000000000'),
('SE0002905992', '2012-01-24', '108.8800000000000'),
('SIM', '2012-01-24', '102.3883889507772'),
('SE0000744195', '2012-01-25', '322.2300000000000'),
('SE0001775669', '2012-01-25', '206.9800000000000'),
('SE0001809476', '2012-01-25', '943.2600000000000'),
('SE0002905992', '2012-01-25', '108.0700000000000'),
('SIM', '2012-01-25', '102.3976323470019'),
('SE0000744195', '2012-01-26', '328.1400000000000'),
('SE0001775669', '2012-01-26', '209.1100000000000'),
('SE0001809476', '2012-01-26', '958.8400000000000'),
('SE0002905992', '2012-01-26', '110.1500000000000'),
('SIM', '2012-01-26', '102.4068765776999'),
('SE0000744195', '2012-01-27', '327.3100000000000'),
('SE0001775669', '2012-01-27', '210.0500000000000'),
('SE0001809476', '2012-01-27', '948.7600000000000'),
('SE0002905992', '2012-01-27', '109.7500000000000'),
('SIM', '2012-01-27', '102.4161216429465'),
('SIM', '2012-01-28', '102.4253675428171'),
('SIM', '2012-01-29', '102.4346142773869'),
('SE0000744195', '2012-01-30', '322.8500000000000'),
('SE0001775669', '2012-01-30', '208.5400000000000'),
('SE0001809476', '2012-01-30', '938.9100000000000'),
('SE0002905992', '2012-01-30', '108.2700000000000'),
('SIM', '2012-01-30', '102.4438618467314'),
('SE0000744195', '2012-01-31', '325.3200000000000'),
('SE0001775669', '2012-01-31', '209.6700000000000'),
('SE0001809476', '2012-01-31', '945.3600000000000'),
('SE0002905992', '2012-01-31', '109.1300000000000'),
('SIM', '2012-01-31', '102.4531102509259'),
('SE0000744195', '2012-02-01', '333.4900000000000'),
('SE0001775669', '2012-02-01', '211.1900000000000'),
('SE0001809476', '2012-02-01', '972.9300000000000'),
('SE0002905992', '2012-02-01', '111.9600000000000'),
('SIM', '2012-02-01', '102.4623594900458'),
('SE0000744195', '2012-02-02', '334.4400000000000'),
('SE0001775669', '2012-02-02', '212.5800000000000'),
('SE0001809476', '2012-02-02', '977.5600000000000'),
('SE0002905992', '2012-02-02', '112.1100000000000'),
('SIM', '2012-02-02', '102.4716095641664'),
('SE0000744195', '2012-02-03', '338.3100000000000'),
('SE0001775669', '2012-02-03', '213.2800000000000'),
('SE0001809476', '2012-02-03', '995.8700000000000'),
('SE0002905992', '2012-02-03', '113.5300000000000'),
('SIM', '2012-02-03', '102.4808604733632'),
('SIM', '2012-02-04', '102.4901122177115'),
('SIM', '2012-02-05', '102.4993647972867'),
('SE0000744195', '2012-02-06', '337.0400000000000'),
('SE0001775669', '2012-02-06', '213.9300000000000'),
('SE0001809476', '2012-02-06', '991.6900000000000'),
('SE0002905992', '2012-02-06', '113.1000000000000'),
('SIM', '2012-02-06', '102.5086182121642'),
('SE0000744195', '2012-02-07', '336.5700000000000'),
('SE0001775669', '2012-02-07', '213.6900000000000'),
('SE0001809476', '2012-02-07', '992.9600000000000'),
('SE0002905992', '2012-02-07', '112.9000000000000'),
('SIM', '2012-02-07', '102.5178724624195'),
('SE0000744195', '2012-02-08', '337.0000000000000'),
('SE0001775669', '2012-02-08', '213.8000000000000'),
('SE0001809476', '2012-02-08', '997.4700000000000'),
('SE0002905992', '2012-02-08', '112.9300000000000'),
('SIM', '2012-02-08', '102.5271275481279'),
('SE0000744195', '2012-02-09', '337.6500000000000'),
('SE0001775669', '2012-02-09', '214.8700000000000'),
('SE0001809476', '2012-02-09', '999.5800000000000'),
('SE0002905992', '2012-02-09', '113.1400000000000'),
('SIM', '2012-02-09', '102.5363834693649'),
('SE0000744195', '2012-02-10', '334.3300000000000'),
('SE0001775669', '2012-02-10', '214.9800000000000'),
('SE0001809476', '2012-02-10', '992.1400000000000'),
('SE0002905992', '2012-02-10', '111.9900000000000'),
('SIM', '2012-02-10', '102.5456402262059'),
('SIM', '2012-02-11', '102.5548978187263'),
('SIM', '2012-02-12', '102.5641562470016'),
('SE0000744195', '2012-02-13', '336.9400000000000'),
('SE0001775669', '2012-02-13', '216.1800000000000'),
('SE0001809476', '2012-02-13', '1002.2500000000000'),
('SE0002905992', '2012-02-13', '112.8600000000000'),
('SIM', '2012-02-13', '102.5734155111073'),
('SE0000744195', '2012-02-14', '335.6900000000000'),
('SE0001775669', '2012-02-14', '215.3600000000000'),
('SE0001809476', '2012-02-14', '1001.1400000000000'),
('SE0002905992', '2012-02-14', '112.3800000000000'),
('SIM', '2012-02-14', '102.5826756111187'),
('SE0000744195', '2012-02-15', '339.9400000000000'),
('SE0001775669', '2012-02-15', '216.1800000000000'),
('SE0001809476', '2012-02-15', '1016.8200000000000'),
('SE0002905992', '2012-02-15', '113.8100000000000'),
('SIM', '2012-02-15', '102.5919365471113'),
('SE0000744195', '2012-02-16', '341.6500000000000'),
('SE0001775669', '2012-02-16', '216.2200000000000'),
('SE0001809476', '2012-02-16', '1015.2600000000000'),
('SE0002905992', '2012-02-16', '114.3100000000000'),
('SIM', '2012-02-16', '102.6011983191607'),
('SE0000744195', '2012-02-17', '345.0300000000000'),
('SE0001775669', '2012-02-17', '217.6600000000000'),
('SE0001809476', '2012-02-17', '1023.2900000000000'),
('SE0002905992', '2012-02-17', '115.4500000000000'),
('SIM', '2012-02-17', '102.6104609273423'),
('SIM', '2012-02-18', '102.6197243717316'),
('SIM', '2012-02-19', '102.6289886524041'),
('SE0000744195', '2012-02-20', '348.6100000000000'),
('SE0001775669', '2012-02-20', '218.5400000000000'),
('SE0001809476', '2012-02-20', '1039.6800000000000'),
('SE0002905992', '2012-02-20', '116.6900000000000'),
('SIM', '2012-02-20', '102.6382537694352'),
('SE0000744195', '2012-02-21', '347.0300000000000'),
('SE0001775669', '2012-02-21', '219.7200000000000'),
('SE0001809476', '2012-02-21', '1033.1700000000000'),
('SE0002905992', '2012-02-21', '116.0700000000000'),
('SIM', '2012-02-21', '102.6475197229005'),
('SE0000744195', '2012-02-22', '343.8800000000000'),
('SE0001775669', '2012-02-22', '219.2700000000000'),
('SE0001809476', '2012-02-22', '1022.8200000000000'),
('SE0002905992', '2012-02-22', '114.9200000000000'),
('SIM', '2012-02-22', '102.6567865128755'),
('SE0000744195', '2012-02-23', '343.3200000000000'),
('SE0001775669', '2012-02-23', '219.0300000000000'),
('SE0001809476', '2012-02-23', '1022.8000000000000'),
('SE0002905992', '2012-02-23', '114.8200000000000'),
('SIM', '2012-02-23', '102.6660541394357'),
('SE0000744195', '2012-02-24', '344.6100000000000'),
('SE0001775669', '2012-02-24', '218.7400000000000'),
('SE0001809476', '2012-02-24', '1030.6400000000000'),
('SE0002905992', '2012-02-24', '115.2800000000000'),
('SIM', '2012-02-24', '102.6753226026566'),
('SIM', '2012-02-25', '102.6845919026138'),
('SIM', '2012-02-26', '102.6938620393828'),
('SE0000744195', '2012-02-27', '342.6000000000000'),
('SE0001775669', '2012-02-27', '218.2400000000000'),
('SE0001809476', '2012-02-27', '1019.1300000000000'),
('SE0002905992', '2012-02-27', '114.5400000000000'),
('SIM', '2012-02-27', '102.7031330130391'),
('SE0000744195', '2012-02-28', '345.0700000000000'),
('SE0001775669', '2012-02-28', '218.3300000000000'),
('SE0001809476', '2012-02-28', '1026.7500000000000'),
('SE0002905992', '2012-02-28', '115.4000000000000'),
('SIM', '2012-02-28', '102.7124048236583'),
('SE0000744195', '2012-02-29', '345.3400000000000'),
('SE0001775669', '2012-02-29', '218.5400000000000'),
('SE0001809476', '2012-02-29', '1027.5400000000000'),
('SE0002905992', '2012-02-29', '115.3900000000000'),
('SIM', '2012-02-29', '102.7216774713160'),
('SE0000744195', '2012-03-01', '346.1900000000000'),
('SE0001775669', '2012-03-01', '219.7300000000000'),
('SE0001809476', '2012-03-01', '1027.8200000000000'),
('SE0002905992', '2012-03-01', '115.6000000000000'),
('SIM', '2012-03-01', '102.7309509560878'),
('SE0000744195', '2012-03-02', '346.3700000000000'),
('SE0001775669', '2012-03-02', '221.2600000000000'),
('SE0001809476', '2012-03-02', '1027.7400000000000'),
('SE0002905992', '2012-03-02', '115.6900000000000'),
('SIM', '2012-03-02', '102.7402252780491'),
('SIM', '2012-03-03', '102.7495004372756'),
('SIM', '2012-03-04', '102.7587764338428'),
('SE0000744195', '2012-03-05', '344.0500000000000'),
('SE0001775669', '2012-03-05', '220.5400000000000'),
('SE0001809476', '2012-03-05', '1021.2300000000000'),
('SE0002905992', '2012-03-05', '114.9200000000000'),
('SIM', '2012-03-05', '102.7680532678264'),
('SE0000744195', '2012-03-06', '331.8900000000000'),
('SE0001775669', '2012-03-06', '217.7000000000000'),
('SE0001809476', '2012-03-06', '980.7300000000000'),
('SE0002905992', '2012-03-06', '110.7300000000000'),
('SIM', '2012-03-06', '102.7773309393020'),
('SE0000744195', '2012-03-07', '333.6400000000000'),
('SE0001775669', '2012-03-07', '219.1100000000000'),
('SE0001809476', '2012-03-07', '986.6900000000000'),
('SE0002905992', '2012-03-07', '111.3700000000000'),
('SIM', '2012-03-07', '102.7866094483452'),
('SE0000744195', '2012-03-08', '342.0100000000000'),
('SE0001775669', '2012-03-08', '218.8300000000000'),
('SE0001809476', '2012-03-08', '1010.8400000000000'),
('SE0002905992', '2012-03-08', '114.3500000000000'),
('SIM', '2012-03-08', '102.7958887950315'),
('SE0000744195', '2012-03-09', '342.5900000000000'),
('SE0001775669', '2012-03-09', '220.1200000000000'),
('SE0001809476', '2012-03-09', '1012.1400000000000'),
('SE0002905992', '2012-03-09', '114.4400000000000'),
('SIM', '2012-03-09', '102.8051689794366'),
('SIM', '2012-03-10', '102.8144500016361'),
('SIM', '2012-03-11', '102.8237318617057'),
('SE0000744195', '2012-03-12', '342.7000000000000'),
('SE0001775669', '2012-03-12', '221.2200000000000'),
('SE0001809476', '2012-03-12', '1010.2000000000000'),
('SE0002905992', '2012-03-12', '114.5500000000000'),
('SIM', '2012-03-12', '102.8330145597210'),
('SE0000744195', '2012-03-13', '346.8600000000000'),
('SE0001775669', '2012-03-13', '220.4900000000000'),
('SE0001809476', '2012-03-13', '1029.2800000000000'),
('SE0002905992', '2012-03-13', '116.0200000000000'),
('SIM', '2012-03-13', '102.8422980957577'),
('SE0000744195', '2012-03-14', '349.6800000000000'),
('SE0001775669', '2012-03-14', '221.7700000000000'),
('SE0001809476', '2012-03-14', '1029.7800000000000'),
('SE0002905992', '2012-03-14', '117.0000000000000'),
('SIM', '2012-03-14', '102.8515824698913'),
('SE0000744195', '2012-03-15', '350.9500000000000'),
('SE0001775669', '2012-03-15', '220.6400000000000'),
('SE0001809476', '2012-03-15', '1036.5200000000000'),
('SE0002905992', '2012-03-15', '117.5000000000000'),
('SIM', '2012-03-15', '102.8608676821976'),
('SE0000744195', '2012-03-16', '351.5200000000000'),
('SE0001775669', '2012-03-16', '221.5300000000000'),
('SE0001809476', '2012-03-16', '1041.7800000000000'),
('SE0002905992', '2012-03-16', '117.7700000000000'),
('SIM', '2012-03-16', '102.8701537327523'),
('SIM', '2012-03-17', '102.8794406216309'),
('SIM', '2012-03-18', '102.8887283489093'),
('SE0000744195', '2012-03-19', '350.9800000000000'),
('SE0001775669', '2012-03-19', '221.8900000000000'),
('SE0001809476', '2012-03-19', '1041.0500000000000'),
('SE0002905992', '2012-03-19', '117.5900000000000'),
('SIM', '2012-03-19', '102.8980169146630'),
('SE0000744195', '2012-03-20', '345.8900000000000'),
('SE0001775669', '2012-03-20', '220.5500000000000'),
('SE0001809476', '2012-03-20', '1024.0800000000000'),
('SE0002905992', '2012-03-20', '115.6900000000000'),
('SIM', '2012-03-20', '102.9073063189678'),
('SE0000744195', '2012-03-21', '341.8300000000000'),
('SE0001775669', '2012-03-21', '219.4500000000000'),
('SE0001809476', '2012-03-21', '1015.8800000000000'),
('SE0002905992', '2012-03-21', '114.2700000000000'),
('SIM', '2012-03-21', '102.9165965618994'),
('SE0000744195', '2012-03-22', '338.0200000000000'),
('SE0001775669', '2012-03-22', '218.5500000000000'),
('SE0001809476', '2012-03-22', '999.3500000000000'),
('SE0002905992', '2012-03-22', '113.0700000000000'),
('SIM', '2012-03-22', '102.9258876435334'),
('SE0000744195', '2012-03-23', '339.7800000000000'),
('SE0001775669', '2012-03-23', '218.4200000000000'),
('SE0001809476', '2012-03-23', '1003.8100000000000'),
('SE0002905992', '2012-03-23', '113.8100000000000'),
('SIM', '2012-03-23', '102.9351795639457'),
('SIM', '2012-03-24', '102.9444723232119'),
('SIM', '2012-03-25', '102.9537659214077'),
('SE0000744195', '2012-03-26', '346.1900000000000'),
('SE0001775669', '2012-03-26', '219.1200000000000'),
('SE0001809476', '2012-03-26', '1022.8500000000000'),
('SE0002905992', '2012-03-26', '115.8800000000000'),
('SIM', '2012-03-26', '102.9630603586090'),
('SE0000744195', '2012-03-27', '344.2700000000000'),
('SE0001775669', '2012-03-27', '219.2600000000000'),
('SE0001809476', '2012-03-27', '1014.2800000000000'),
('SE0002905992', '2012-03-27', '115.1900000000000'),
('SIM', '2012-03-27', '102.9723556348913'),
('SE0000744195', '2012-03-28', '340.6500000000000'),
('SE0001775669', '2012-03-28', '218.4800000000000'),
('SE0001809476', '2012-03-28', '1010.4200000000000'),
('SE0002905992', '2012-03-28', '113.9000000000000'),
('SIM', '2012-03-28', '102.9816517503306'),
('SE0000744195', '2012-03-29', '333.6800000000000'),
('SE0001775669', '2012-03-29', '216.8100000000000'),
('SE0001809476', '2012-03-29', '989.6500000000000'),
('SE0002905992', '2012-03-29', '111.4400000000000'),
('SIM', '2012-03-29', '102.9909487050025'),
('SE0000744195', '2012-03-30', '338.4400000000000'),
('SE0001775669', '2012-03-30', '218.4800000000000'),
('SE0001809476', '2012-03-30', '1006.3900000000000'),
('SE0002905992', '2012-03-30', '113.0900000000000'),
('SIM', '2012-03-30', '103.0002464989828'),
('SIM', '2012-03-31', '103.0095451323473'),
('SIM', '2012-04-01', '103.0188446051718'),
('SE0000744195', '2012-04-02', '342.3100000000000'),
('SE0001775669', '2012-04-02', '218.4300000000000'),
('SE0001809476', '2012-04-02', '1024.5300000000000'),
('SE0002905992', '2012-04-02', '114.4400000000000'),
('SIM', '2012-04-02', '103.0281449175320'),
('SE0000744195', '2012-04-03', '340.9700000000000'),
('SE0001775669', '2012-04-03', '218.7300000000000'),
('SE0001809476', '2012-04-03', '1023.1700000000000'),
('SE0002905992', '2012-04-03', '113.9400000000000'),
('SIM', '2012-04-03', '103.0374460695037'),
('SE0000744195', '2012-04-04', '329.7400000000000'),
('SE0001775669', '2012-04-04', '216.5700000000000'),
('SE0001809476', '2012-04-04', '988.1800000000000'),
('SE0002905992', '2012-04-04', '110.1200000000000'),
('SIM', '2012-04-04', '103.0467480611628'),
('SE0000744195', '2012-04-05', '328.1900000000000'),
('SE0001775669', '2012-04-05', '216.8500000000000'),
('SE0001809476', '2012-04-05', '986.1200000000000'),
('SE0002905992', '2012-04-05', '109.4600000000000'),
('SIM', '2012-04-05', '103.0560508925850'),
('SIM', '2012-04-06', '103.0653545638461'),
('SIM', '2012-04-07', '103.0746590750220'),
('SIM', '2012-04-08', '103.0839644261885'),
('SIM', '2012-04-09', '103.0932706174214'),
('SE0000744195', '2012-04-10', '320.9600000000000'),
('SE0001775669', '2012-04-10', '215.6600000000000'),
('SE0001809476', '2012-04-10', '961.5200000000000'),
('SE0002905992', '2012-04-10', '107.1100000000000'),
('SIM', '2012-04-10', '103.1025776487966'),
('SE0000744195', '2012-04-11', '324.3900000000000'),
('SE0001775669', '2012-04-11', '215.6700000000000'),
('SE0001809476', '2012-04-11', '964.7100000000000'),
('SE0002905992', '2012-04-11', '108.3400000000000'),
('SIM', '2012-04-11', '103.1118855203899'),
('SE0000744195', '2012-04-12', '331.2700000000000'),
('SE0001775669', '2012-04-12', '216.0400000000000'),
('SE0001809476', '2012-04-12', '980.6300000000000'),
('SE0002905992', '2012-04-12', '110.7300000000000'),
('SIM', '2012-04-12', '103.1211942322772'),
('SE0000744195', '2012-04-13', '325.1900000000000'),
('SE0001775669', '2012-04-13', '216.4100000000000'),
('SE0001809476', '2012-04-13', '963.6600000000000'),
('SE0002905992', '2012-04-13', '108.5000000000000'),
('SIM', '2012-04-13', '103.1305037845343'),
('SIM', '2012-04-14', '103.1398141772370'),
('SIM', '2012-04-15', '103.1491254104614'),
('SE0000744195', '2012-04-16', '327.6400000000000'),
('SE0001775669', '2012-04-16', '216.3900000000000'),
('SE0001809476', '2012-04-16', '970.7400000000000'),
('SE0002905992', '2012-04-16', '109.4500000000000'),
('SIM', '2012-04-16', '103.1584374842831'),
('SE0000744195', '2012-04-17', '333.5100000000000'),
('SE0001775669', '2012-04-17', '217.4500000000000'),
('SE0001809476', '2012-04-17', '988.3800000000000'),
('SE0002905992', '2012-04-17', '111.4600000000000'),
('SIM', '2012-04-17', '103.1677503987783'),
('SE0000744195', '2012-04-18', '327.7200000000000'),
('SE0001775669', '2012-04-18', '216.0200000000000'),
('SE0001809476', '2012-04-18', '976.4500000000000'),
('SE0002905992', '2012-04-18', '109.4200000000000'),
('SIM', '2012-04-18', '103.1770641540226'),
('SE0000744195', '2012-04-19', '328.7500000000000'),
('SE0001775669', '2012-04-19', '215.7300000000000'),
('SE0001809476', '2012-04-19', '982.2100000000000'),
('SE0002905992', '2012-04-19', '109.9700000000000'),
('SIM', '2012-04-19', '103.1863787500920'),
('SE0000744195', '2012-04-20', '332.0500000000000'),
('SE0001775669', '2012-04-20', '215.3600000000000'),
('SE0001809476', '2012-04-20', '988.6100000000000'),
('SE0002905992', '2012-04-20', '111.1600000000000'),
('SIM', '2012-04-20', '103.1956941870625'),
('SIM', '2012-04-21', '103.2050104650100'),
('SIM', '2012-04-22', '103.2143275840103'),
('SE0000744195', '2012-04-23', '318.6800000000000'),
('SE0001775669', '2012-04-23', '213.1700000000000'),
('SE0001809476', '2012-04-23', '948.7100000000000'),
('SE0002905992', '2012-04-23', '106.4000000000000'),
('SIM', '2012-04-23', '103.2236455441394'),
('SE0000744195', '2012-04-24', '323.8900000000000'),
('SE0001775669', '2012-04-24', '213.8100000000000'),
('SE0001809476', '2012-04-24', '963.9100000000000'),
('SE0002905992', '2012-04-24', '108.1700000000000'),
('SIM', '2012-04-24', '103.2329643454733'),
('SE0000744195', '2012-04-25', '328.5800000000000'),
('SE0001775669', '2012-04-25', '213.8200000000000'),
('SE0001809476', '2012-04-25', '979.0400000000000'),
('SE0002905992', '2012-04-25', '109.7000000000000'),
('SIM', '2012-04-25', '103.2422839880878'),
('SE0000744195', '2012-04-26', '326.3600000000000'),
('SE0001775669', '2012-04-26', '212.9200000000000'),
('SE0001809476', '2012-04-26', '973.1500000000000'),
('SE0002905992', '2012-04-26', '108.9100000000000'),
('SIM', '2012-04-26', '103.2516044720589'),
('SE0000744195', '2012-04-27', '332.6200000000000'),
('SE0001775669', '2012-04-27', '212.9400000000000'),
('SE0001809476', '2012-04-27', '985.2000000000000'),
('SE0002905992', '2012-04-27', '111.2300000000000'),
('SIM', '2012-04-27', '103.2609257974627'),
('SIM', '2012-04-28', '103.2702479643749'),
('SIM', '2012-04-29', '103.2795709728717'),
('SE0000744195', '2012-04-30', '333.5300000000000'),
('SE0001775669', '2012-04-30', '213.6000000000000'),
('SE0001809476', '2012-04-30', '987.1200000000000'),
('SE0002905992', '2012-04-30', '111.4000000000000'),
('SIM', '2012-04-30', '103.2888948230290'),
('SE0001775669', '2012-05-01', '213.8100000000000'),
('SE0001809476', '2012-05-01', '986.8800000000000'),
('SIM', '2012-05-01', '103.2982195149228'),
('SE0000744195', '2012-05-02', '331.1300000000000'),
('SE0001775669', '2012-05-02', '213.4300000000000'),
('SE0001809476', '2012-05-02', '983.2000000000000'),
('SE0002905992', '2012-05-02', '110.4400000000000'),
('SIM', '2012-05-02', '103.3075450486290'),
('SE0000744195', '2012-05-03', '333.0300000000000'),
('SE0001775669', '2012-05-03', '212.9900000000000'),
('SE0001809476', '2012-05-03', '990.1100000000000'),
('SE0002905992', '2012-05-03', '111.1600000000000'),
('SIM', '2012-05-03', '103.3168714242236'),
('SE0000744195', '2012-05-04', '324.7600000000000'),
('SE0001775669', '2012-05-04', '211.4200000000000'),
('SE0001809476', '2012-05-04', '964.1500000000000'),
('SE0002905992', '2012-05-04', '108.2400000000000'),
('SIM', '2012-05-04', '103.3261986417828'),
('SIM', '2012-05-05', '103.3355267013824'),
('SIM', '2012-05-06', '103.3448556030985'),
('SE0000744195', '2012-05-07', '324.0600000000000'),
('SE0001775669', '2012-05-07', '210.3600000000000'),
('SE0001809476', '2012-05-07', '965.0300000000000'),
('SE0002905992', '2012-05-07', '108.1100000000000'),
('SIM', '2012-05-07', '103.3541853470071'),
('SE0000744195', '2012-05-08', '319.5200000000000'),
('SE0001775669', '2012-05-08', '208.7600000000000'),
('SE0001809476', '2012-05-08', '953.9000000000000'),
('SE0002905992', '2012-05-08', '106.5800000000000'),
('SIM', '2012-05-08', '103.3635159331843'),
('SE0000744195', '2012-05-09', '318.9200000000000'),
('SE0001775669', '2012-05-09', '208.3100000000000'),
('SE0001809476', '2012-05-09', '951.4800000000000'),
('SE0002905992', '2012-05-09', '106.4400000000000'),
('SIM', '2012-05-09', '103.3728473617060'),
('SE0000744195', '2012-05-10', '322.1700000000000'),
('SE0001775669', '2012-05-10', '210.1200000000000'),
('SE0001809476', '2012-05-10', '953.6400000000000'),
('SE0002905992', '2012-05-10', '107.4800000000000'),
('SIM', '2012-05-10', '103.3821796326484'),
('SE0000744195', '2012-05-11', '323.7200000000000'),
('SE0001775669', '2012-05-11', '210.1300000000000'),
('SE0001809476', '2012-05-11', '959.1600000000000'),
('SE0002905992', '2012-05-11', '108.0400000000000'),
('SIM', '2012-05-11', '103.3915127460875'),
('SIM', '2012-05-12', '103.4008467020993'),
('SIM', '2012-05-13', '103.4101815007599'),
('SE0000744195', '2012-05-14', '315.8400000000000'),
('SE0001775669', '2012-05-14', '208.2000000000000'),
('SE0001809476', '2012-05-14', '929.2000000000000'),
('SE0002905992', '2012-05-14', '105.3000000000000'),
('SIM', '2012-05-14', '103.4195171421454'),
('SE0000744195', '2012-05-15', '314.4200000000000'),
('SE0001775669', '2012-05-15', '207.9900000000000'),
('SE0001809476', '2012-05-15', '918.5000000000000'),
('SE0002905992', '2012-05-15', '104.8100000000000'),
('SIM', '2012-05-15', '103.4288536263318'),
('SE0000744195', '2012-05-16', '310.2900000000000'),
('SE0001775669', '2012-05-16', '205.6300000000000'),
('SE0001809476', '2012-05-16', '910.6100000000000'),
('SE0002905992', '2012-05-16', '103.4500000000000'),
('SIM', '2012-05-16', '103.4381909533953'),
('SIM', '2012-05-17', '103.4475291234119'),
('SE0000744195', '2012-05-18', '300.8800000000000'),
('SE0001775669', '2012-05-18', '202.9200000000000'),
('SE0001809476', '2012-05-18', '886.0700000000000'),
('SE0002905992', '2012-05-18', '100.3400000000000'),
('SIM', '2012-05-18', '103.4568681364578'),
('SIM', '2012-05-19', '103.4662079926090'),
('SIM', '2012-05-20', '103.4755486919417'),
('SE0000744195', '2012-05-21', '306.7900000000000'),
('SE0001775669', '2012-05-21', '202.9900000000000'),
('SE0001809476', '2012-05-21', '904.5300000000000'),
('SE0002905992', '2012-05-21', '102.3500000000000'),
('SIM', '2012-05-21', '103.4848902345319'),
('SE0000744195', '2012-05-22', '314.4300000000000'),
('SE0001775669', '2012-05-22', '203.2000000000000'),
('SE0001809476', '2012-05-22', '925.5300000000000'),
('SE0002905992', '2012-05-22', '105.0200000000000'),
('SIM', '2012-05-22', '103.4942326204559'),
('SE0000744195', '2012-05-23', '306.3100000000000'),
('SE0001775669', '2012-05-23', '201.7500000000000'),
('SE0001809476', '2012-05-23', '901.4700000000000'),
('SE0002905992', '2012-05-23', '102.2400000000000'),
('SIM', '2012-05-23', '103.5035758497897'),
('SE0000744195', '2012-05-24', '309.4900000000000'),
('SE0001775669', '2012-05-24', '201.6200000000000'),
('SE0001809476', '2012-05-24', '912.6600000000000'),
('SE0002905992', '2012-05-24', '103.4800000000000'),
('SIM', '2012-05-24', '103.5129199226095'),
('SE0000744195', '2012-05-25', '308.9100000000000'),
('SE0001775669', '2012-05-25', '201.3500000000000'),
('SE0001809476', '2012-05-25', '914.6300000000000'),
('SE0002905992', '2012-05-25', '103.2900000000000'),
('SIM', '2012-05-25', '103.5222648389914'),
('SIM', '2012-05-26', '103.5316105990116'),
('SIM', '2012-05-27', '103.5409572027462'),
('SE0000744195', '2012-05-28', '309.1900000000000'),
('SE0001775669', '2012-05-28', '200.9600000000000'),
('SE0001809476', '2012-05-28', '916.2400000000000'),
('SE0002905992', '2012-05-28', '103.4400000000000'),
('SIM', '2012-05-28', '103.5503046502715'),
('SE0000744195', '2012-05-29', '314.5000000000000'),
('SE0001775669', '2012-05-29', '201.6300000000000'),
('SE0001809476', '2012-05-29', '926.1000000000000'),
('SE0002905992', '2012-05-29', '105.3600000000000'),
('SIM', '2012-05-29', '103.5596529416635'),
('SE0000744195', '2012-05-30', '309.8500000000000'),
('SE0001775669', '2012-05-30', '200.4700000000000'),
('SE0001809476', '2012-05-30', '910.9700000000000'),
('SE0002905992', '2012-05-30', '103.6500000000000'),
('SIM', '2012-05-30', '103.5690020769985'),
('SE0000744195', '2012-05-31', '307.0800000000000'),
('SE0001775669', '2012-05-31', '200.1600000000000'),
('SE0001809476', '2012-05-31', '898.9500000000000'),
('SE0002905992', '2012-05-31', '102.5400000000000'),
('SIM', '2012-05-31', '103.5783520563527'),
('SE0000744195', '2012-06-01', '300.6900000000000'),
('SE0001775669', '2012-06-01', '197.0000000000000'),
('SE0001809476', '2012-06-01', '878.0700000000000'),
('SE0002905992', '2012-06-01', '100.3400000000000'),
('SIM', '2012-06-01', '103.5877028798023'),
('SIM', '2012-06-02', '103.5970545474234'),
('SIM', '2012-06-03', '103.6064070592922'),
('SE0000744195', '2012-06-04', '297.4100000000000'),
('SE0001775669', '2012-06-04', '194.6400000000000'),
('SE0001809476', '2012-06-04', '869.1300000000000'),
('SE0002905992', '2012-06-04', '99.1800000000000'),
('SIM', '2012-06-04', '103.6157604154851'),
('SE0000744195', '2012-06-05', '298.6200000000000'),
('SE0001775669', '2012-06-05', '195.4300000000000'),
('SE0001809476', '2012-06-05', '873.6200000000000'),
('SE0002905992', '2012-06-05', '99.6700000000000'),
('SIM', '2012-06-05', '103.6251146160782'),
('SE0001775669', '2012-06-06', '195.8800000000000'),
('SE0001809476', '2012-06-06', '881.0100000000000'),
('SIM', '2012-06-06', '103.6344696611477'),
('SE0000744195', '2012-06-07', '308.2900000000000'),
('SE0001775669', '2012-06-07', '197.3700000000000'),
('SE0001809476', '2012-06-07', '904.8800000000000'),
('SE0002905992', '2012-06-07', '102.9700000000000'),
('SIM', '2012-06-07', '103.6438255507698'),
('SE0000744195', '2012-06-08', '305.8500000000000'),
('SE0001775669', '2012-06-08', '196.4800000000000'),
('SE0001809476', '2012-06-08', '901.0800000000000'),
('SE0002905992', '2012-06-08', '102.0900000000000'),
('SIM', '2012-06-08', '103.6531822850210'),
('SIM', '2012-06-09', '103.6625398639772'),
('SIM', '2012-06-10', '103.6718982877150'),
('SE0000744195', '2012-06-11', '307.4200000000000'),
('SE0001775669', '2012-06-11', '195.4600000000000'),
('SE0001809476', '2012-06-11', '911.1400000000000'),
('SE0002905992', '2012-06-11', '102.7400000000000'),
('SIM', '2012-06-11', '103.6812575563104'),
('SE0000744195', '2012-06-12', '308.2700000000000'),
('SE0001775669', '2012-06-12', '194.5500000000000'),
('SE0001809476', '2012-06-12', '916.9000000000000'),
('SE0002905992', '2012-06-12', '103.1400000000000'),
('SIM', '2012-06-12', '103.6906176698398'),
('SE0000744195', '2012-06-13', '304.2200000000000'),
('SE0001775669', '2012-06-13', '193.9300000000000'),
('SE0001809476', '2012-06-13', '906.7900000000000'),
('SE0002905992', '2012-06-13', '101.7100000000000'),
('SIM', '2012-06-13', '103.6999786283794'),
('SE0000744195', '2012-06-14', '302.7000000000000'),
('SE0001775669', '2012-06-14', '193.3300000000000'),
('SE0001809476', '2012-06-14', '899.1400000000000'),
('SE0002905992', '2012-06-14', '101.1800000000000'),
('SIM', '2012-06-14', '103.7093404320056'),
('SE0000744195', '2012-06-15', '304.6100000000000'),
('SE0001775669', '2012-06-15', '193.7300000000000'),
('SE0001809476', '2012-06-15', '907.4900000000000'),
('SE0002905992', '2012-06-15', '101.8500000000000'),
('SIM', '2012-06-15', '103.7187030807946'),
('SIM', '2012-06-16', '103.7280665748227'),
('SIM', '2012-06-17', '103.7374309141663'),
('SE0000744195', '2012-06-18', '305.5600000000000'),
('SE0001775669', '2012-06-18', '194.7100000000000'),
('SE0001809476', '2012-06-18', '909.9400000000000'),
('SE0002905992', '2012-06-18', '102.2100000000000'),
('SIM', '2012-06-18', '103.7467960989016'),
('SE0000744195', '2012-06-19', '310.9900000000000'),
('SE0001775669', '2012-06-19', '195.2800000000000'),
('SE0001809476', '2012-06-19', '928.1500000000000'),
('SE0002905992', '2012-06-19', '104.1300000000000'),
('SIM', '2012-06-19', '103.7561621291050'),
('SE0000744195', '2012-06-20', '315.2800000000000'),
('SE0001775669', '2012-06-20', '195.9600000000000'),
('SE0001809476', '2012-06-20', '938.3300000000000'),
('SE0002905992', '2012-06-20', '105.6200000000000'),
('SIM', '2012-06-20', '103.7655290048528'),
('SE0000744195', '2012-06-21', '313.5500000000000'),
('SE0001775669', '2012-06-21', '195.7600000000000'),
('SE0001809476', '2012-06-21', '933.3600000000000'),
('SE0002905992', '2012-06-21', '105.0000000000000'),
('SIM', '2012-06-21', '103.7748967262213'),
('SE0001775669', '2012-06-22', '195.7700000000000'),
('SE0001809476', '2012-06-22', '934.0900000000000'),
('SIM', '2012-06-22', '103.7842652932868'),
('SIM', '2012-06-23', '103.7936347061258'),
('SIM', '2012-06-24', '103.8030049648146'),
('SE0000744195', '2012-06-25', '306.0500000000000'),
('SE0001775669', '2012-06-25', '194.4800000000000'),
('SE0001809476', '2012-06-25', '909.4800000000000'),
('SE0002905992', '2012-06-25', '102.3200000000000'),
('SIM', '2012-06-25', '103.8123760694294'),
('SE0000744195', '2012-06-26', '304.3300000000000'),
('SE0001775669', '2012-06-26', '193.5400000000000'),
('SE0001809476', '2012-06-26', '904.0000000000000'),
('SE0002905992', '2012-06-26', '101.8000000000000'),
('SIM', '2012-06-26', '103.8217480200468'),
('SE0000744195', '2012-06-27', '307.5400000000000'),
('SE0001775669', '2012-06-27', '193.2700000000000'),
('SE0001809476', '2012-06-27', '917.3200000000000'),
('SE0002905992', '2012-06-27', '102.8900000000000'),
('SIM', '2012-06-27', '103.8311208167431'),
('SE0000744195', '2012-06-28', '303.8000000000000'),
('SE0001775669', '2012-06-28', '192.9400000000000'),
('SE0001809476', '2012-06-28', '910.4300000000000'),
('SE0002905992', '2012-06-28', '101.5600000000000'),
('SIM', '2012-06-28', '103.8404944595946'),
('SE0000744195', '2012-06-29', '315.9700000000000'),
('SE0001775669', '2012-06-29', '194.3600000000000'),
('SE0001809476', '2012-06-29', '945.7700000000000'),
('SE0002905992', '2012-06-29', '105.7600000000000'),
('SIM', '2012-06-29', '103.8498689486778'),
('SIM', '2012-06-30', '103.8592442840690'),
('SIM', '2012-07-01', '103.8686204658446'),
('SE0000744195', '2012-07-02', '317.3300000000000'),
('SE0001775669', '2012-07-02', '194.7800000000000'),
('SE0001809476', '2012-07-02', '956.8600000000000'),
('SE0002905992', '2012-07-02', '106.3500000000000'),
('SIM', '2012-07-02', '103.8779974940811'),
('SE0000744195', '2012-07-03', '322.1400000000000'),
('SE0001775669', '2012-07-03', '195.4900000000000'),
('SE0001809476', '2012-07-03', '969.8700000000000'),
('SE0002905992', '2012-07-03', '108.0000000000000'),
('SIM', '2012-07-03', '103.8873753688549'),
('SE0000744195', '2012-07-04', '321.8600000000000'),
('SE0001775669', '2012-07-04', '194.1000000000000'),
('SE0001809476', '2012-07-04', '974.2200000000000'),
('SE0002905992', '2012-07-04', '107.9000000000000'),
('SIM', '2012-07-04', '103.8967540902423'),
('SE0000744195', '2012-07-05', '321.6300000000000'),
('SE0001775669', '2012-07-05', '194.1500000000000'),
('SE0001809476', '2012-07-05', '977.3100000000000'),
('SE0002905992', '2012-07-05', '107.7600000000000'),
('SIM', '2012-07-05', '103.9061336583199'),
('SE0000744195', '2012-07-06', '317.8600000000000'),
('SE0001775669', '2012-07-06', '193.7500000000000'),
('SE0001809476', '2012-07-06', '964.7800000000000'),
('SE0002905992', '2012-07-06', '106.4000000000000'),
('SIM', '2012-07-06', '103.9155140731641'),
('SIM', '2012-07-07', '103.9248953348513'),
('SIM', '2012-07-08', '103.9342774434579'),
('SE0000744195', '2012-07-09', '316.5700000000000'),
('SE0001775669', '2012-07-09', '193.2100000000000'),
('SE0001809476', '2012-07-09', '961.2700000000000'),
('SE0002905992', '2012-07-09', '105.9100000000000'),
('SIM', '2012-07-09', '103.9436603990604'),
('SE0000744195', '2012-07-10', '319.0700000000000'),
('SE0001775669', '2012-07-10', '192.7100000000000'),
('SE0001809476', '2012-07-10', '975.7700000000000'),
('SE0002905992', '2012-07-10', '106.7700000000000'),
('SIM', '2012-07-10', '103.9530442017353'),
('SE0000744195', '2012-07-11', '318.0400000000000'),
('SE0001775669', '2012-07-11', '192.7000000000000'),
('SE0001809476', '2012-07-11', '970.7400000000000'),
('SE0002905992', '2012-07-11', '106.4200000000000'),
('SIM', '2012-07-11', '103.9624288515591'),
('SE0000744195', '2012-07-12', '314.4200000000000'),
('SE0001775669', '2012-07-12', '192.6700000000000'),
('SE0001809476', '2012-07-12', '961.0500000000000'),
('SE0002905992', '2012-07-12', '105.1700000000000'),
('SIM', '2012-07-12', '103.9718143486082'),
('SE0000744195', '2012-07-13', '319.4000000000000'),
('SE0001775669', '2012-07-13', '193.1700000000000'),
('SE0001809476', '2012-07-13', '971.2600000000000'),
('SE0002905992', '2012-07-13', '106.9200000000000'),
('SIM', '2012-07-13', '103.9812006929591'),
('SIM', '2012-07-14', '103.9905878846884'),
('SIM', '2012-07-15', '103.9999759238724'),
('SE0000744195', '2012-07-16', '321.5000000000000'),
('SE0001775669', '2012-07-16', '193.5500000000000'),
('SE0001809476', '2012-07-16', '975.9600000000000'),
('SE0002905992', '2012-07-16', '107.6300000000000'),
('SIM', '2012-07-16', '104.0093648105877'),
('SE0000744195', '2012-07-17', '318.2900000000000'),
('SE0001775669', '2012-07-17', '193.0000000000000'),
('SE0001809476', '2012-07-17', '972.7800000000000'),
('SE0002905992', '2012-07-17', '106.3800000000000'),
('SIM', '2012-07-17', '104.0187545449109'),
('SE0000744195', '2012-07-18', '320.4000000000000'),
('SE0001775669', '2012-07-18', '193.2400000000000'),
('SE0001809476', '2012-07-18', '981.1300000000000'),
('SE0002905992', '2012-07-18', '107.2200000000000'),
('SIM', '2012-07-18', '104.0281451269184'),
('SE0000744195', '2012-07-19', '325.7600000000000'),
('SE0001775669', '2012-07-19', '193.5800000000000'),
('SE0001809476', '2012-07-19', '997.9500000000000'),
('SE0002905992', '2012-07-19', '109.1700000000000'),
('SIM', '2012-07-19', '104.0375365566868'),
('SE0000744195', '2012-07-20', '323.1600000000000'),
('SE0001775669', '2012-07-20', '192.5700000000000'),
('SE0001809476', '2012-07-20', '993.6600000000000'),
('SE0002905992', '2012-07-20', '108.2100000000000'),
('SIM', '2012-07-20', '104.0469288342927'),
('SIM', '2012-07-21', '104.0563219598124'),
('SIM', '2012-07-22', '104.0657159333227'),
('SE0000744195', '2012-07-23', '316.8600000000000'),
('SE0001775669', '2012-07-23', '190.7200000000000'),
('SE0001809476', '2012-07-23', '973.1700000000000'),
('SE0002905992', '2012-07-23', '106.0600000000000'),
('SIM', '2012-07-23', '104.0751107549000'),
('SE0000744195', '2012-07-24', '316.7100000000000'),
('SE0001775669', '2012-07-24', '190.5700000000000'),
('SE0001809476', '2012-07-24', '976.9100000000000'),
('SE0002905992', '2012-07-24', '106.0900000000000'),
('SIM', '2012-07-24', '104.0845064246209'),
('SE0000744195', '2012-07-25', '318.4800000000000'),
('SE0001775669', '2012-07-25', '190.9800000000000'),
('SE0001809476', '2012-07-25', '980.8700000000000'),
('SE0002905992', '2012-07-25', '106.8300000000000'),
('SIM', '2012-07-25', '104.0939029425621'),
('SE0000744195', '2012-07-26', '323.9000000000000'),
('SE0001775669', '2012-07-26', '191.4200000000000'),
('SE0001809476', '2012-07-26', '999.1900000000000'),
('SE0002905992', '2012-07-26', '108.6800000000000'),
('SIM', '2012-07-26', '104.1033003087999'),
('SE0000744195', '2012-07-27', '327.1700000000000'),
('SE0001775669', '2012-07-27', '192.7500000000000'),
('SE0001809476', '2012-07-27', '1011.7500000000000'),
('SE0002905992', '2012-07-27', '109.8800000000000'),
('SIM', '2012-07-27', '104.1126985234111'),
('SIM', '2012-07-28', '104.1220975864723'),
('SIM', '2012-07-29', '104.1314974980600'),
('SE0000744195', '2012-07-30', '329.0600000000000'),
('SE0001775669', '2012-07-30', '191.1400000000000'),
('SE0001809476', '2012-07-30', '1031.7200000000000'),
('SE0002905992', '2012-07-30', '110.5400000000000'),
('SIM', '2012-07-30', '104.1408982582508'),
('SE0000744195', '2012-07-31', '329.2600000000000'),
('SE0001775669', '2012-07-31', '192.0100000000000'),
('SE0001809476', '2012-07-31', '1027.8400000000000'),
('SE0002905992', '2012-07-31', '110.6500000000000'),
('SIM', '2012-07-31', '104.1502998671213'),
('SE0000744195', '2012-08-01', '328.2600000000000'),
('SE0001775669', '2012-08-01', '190.8900000000000'),
('SE0001809476', '2012-08-01', '1029.7200000000000'),
('SE0002905992', '2012-08-01', '110.3300000000000'),
('SIM', '2012-08-01', '104.1597023247482'),
('SE0000744195', '2012-08-02', '325.9800000000000'),
('SE0001775669', '2012-08-02', '190.6900000000000'),
('SE0001809476', '2012-08-02', '1024.2300000000000'),
('SE0002905992', '2012-08-02', '109.4800000000000'),
('SIM', '2012-08-02', '104.1691056312081'),
('SE0000744195', '2012-08-03', '332.4600000000000'),
('SE0001775669', '2012-08-03', '191.6400000000000'),
('SE0001809476', '2012-08-03', '1044.3700000000000'),
('SE0002905992', '2012-08-03', '111.8200000000000'),
('SIM', '2012-08-03', '104.1785097865775'),
('SIM', '2012-08-04', '104.1879147909333'),
('SIM', '2012-08-05', '104.1973206443519'),
('SE0000744195', '2012-08-06', '331.8800000000000'),
('SE0001775669', '2012-08-06', '192.3100000000000'),
('SE0001809476', '2012-08-06', '1042.9800000000000'),
('SE0002905992', '2012-08-06', '111.5600000000000'),
('SIM', '2012-08-06', '104.2067273469101'),
('SE0000744195', '2012-08-07', '331.8300000000000'),
('SE0001775669', '2012-08-07', '192.4900000000000');
INSERT INTO `indexprice` (`ISIN`, `date`, `price`) VALUES
('SE0001809476', '2012-08-07', '1044.7100000000000'),
('SE0002905992', '2012-08-07', '111.5500000000000'),
('SIM', '2012-08-07', '104.2161348986845'),
('SE0000744195', '2012-08-08', '332.8800000000000'),
('SE0001775669', '2012-08-08', '191.9600000000000'),
('SE0001809476', '2012-08-08', '1051.1300000000000'),
('SE0002905992', '2012-08-08', '111.8900000000000'),
('SIM', '2012-08-08', '104.2255432997517'),
('SE0000744195', '2012-08-09', '334.4800000000000'),
('SE0001775669', '2012-08-09', '192.1500000000000'),
('SE0001809476', '2012-08-09', '1061.7100000000000'),
('SE0002905992', '2012-08-09', '112.4600000000000'),
('SIM', '2012-08-09', '104.2349525501885'),
('SE0000744195', '2012-08-10', '333.0500000000000'),
('SE0001775669', '2012-08-10', '191.2600000000000'),
('SE0001809476', '2012-08-10', '1062.2400000000000'),
('SE0002905992', '2012-08-10', '112.0000000000000'),
('SIM', '2012-08-10', '104.2443626500715'),
('SIM', '2012-08-11', '104.2537735994774'),
('SIM', '2012-08-12', '104.2631853984829'),
('SE0000744195', '2012-08-13', '332.3700000000000'),
('SE0001775669', '2012-08-13', '192.9600000000000'),
('SE0001809476', '2012-08-13', '1052.7200000000000'),
('SE0002905992', '2012-08-13', '111.7400000000000'),
('SIM', '2012-08-13', '104.2725980471648'),
('SE0000744195', '2012-08-14', '332.7000000000000'),
('SE0001775669', '2012-08-14', '193.4500000000000'),
('SE0001809476', '2012-08-14', '1056.6200000000000'),
('SE0002905992', '2012-08-14', '111.8200000000000'),
('SIM', '2012-08-14', '104.2820115455996'),
('SE0000744195', '2012-08-15', '330.8500000000000'),
('SE0001775669', '2012-08-15', '193.6000000000000'),
('SE0001809476', '2012-08-15', '1057.1700000000000'),
('SE0002905992', '2012-08-15', '111.1600000000000'),
('SIM', '2012-08-15', '104.2914258938641'),
('SE0000744195', '2012-08-16', '331.7100000000000'),
('SE0001775669', '2012-08-16', '193.7900000000000'),
('SE0001809476', '2012-08-16', '1054.4200000000000'),
('SE0002905992', '2012-08-16', '111.4700000000000'),
('SIM', '2012-08-16', '104.3008410920351'),
('SE0000744195', '2012-08-17', '335.4400000000000'),
('SE0001775669', '2012-08-17', '194.5700000000000'),
('SE0001809476', '2012-08-17', '1065.3500000000000'),
('SE0002905992', '2012-08-17', '112.8400000000000'),
('SIM', '2012-08-17', '104.3102571401893'),
('SIM', '2012-08-18', '104.3196740384033'),
('SIM', '2012-08-19', '104.3290917867540'),
('SE0000744195', '2012-08-20', '333.3800000000000'),
('SE0001775669', '2012-08-20', '194.0300000000000'),
('SE0001809476', '2012-08-20', '1062.7900000000000'),
('SE0002905992', '2012-08-20', '112.0400000000000'),
('SIM', '2012-08-20', '104.3385103853181'),
('SE0000744195', '2012-08-21', '333.7200000000000'),
('SE0001775669', '2012-08-21', '195.7000000000000'),
('SE0001809476', '2012-08-21', '1058.6800000000000'),
('SE0002905992', '2012-08-21', '112.1500000000000'),
('SIM', '2012-08-21', '104.3479298341723'),
('SE0000744195', '2012-08-22', '327.3700000000000'),
('SE0001775669', '2012-08-22', '195.0000000000000'),
('SE0001809476', '2012-08-22', '1039.7200000000000'),
('SE0002905992', '2012-08-22', '109.9100000000000'),
('SIM', '2012-08-22', '104.3573501333935'),
('SE0000744195', '2012-08-23', '325.4100000000000'),
('SE0001775669', '2012-08-23', '194.8500000000000'),
('SE0001809476', '2012-08-23', '1035.2900000000000'),
('SE0002905992', '2012-08-23', '109.1600000000000'),
('SIM', '2012-08-23', '104.3667712830583'),
('SE0000744195', '2012-08-24', '325.7000000000000'),
('SE0001775669', '2012-08-24', '193.7400000000000'),
('SE0001809476', '2012-08-24', '1040.3300000000000'),
('SE0002905992', '2012-08-24', '109.3200000000000'),
('SIM', '2012-08-24', '104.3761932832436'),
('SIM', '2012-08-25', '104.3856161340261'),
('SIM', '2012-08-26', '104.3950398354826'),
('SE0000744195', '2012-08-27', '327.4900000000000'),
('SE0001775669', '2012-08-27', '194.2800000000000'),
('SE0001809476', '2012-08-27', '1048.7500000000000'),
('SE0002905992', '2012-08-27', '109.9800000000000'),
('SIM', '2012-08-27', '104.4044643876900'),
('SE0000744195', '2012-08-28', '320.9000000000000'),
('SE0001775669', '2012-08-28', '193.6800000000000'),
('SE0001809476', '2012-08-28', '1025.5600000000000'),
('SE0002905992', '2012-08-28', '107.6100000000000'),
('SIM', '2012-08-28', '104.4138897907250'),
('SE0000744195', '2012-08-29', '322.1500000000000'),
('SE0001775669', '2012-08-29', '193.9300000000000'),
('SE0001809476', '2012-08-29', '1021.6400000000000'),
('SE0002905992', '2012-08-29', '108.0700000000000'),
('SIM', '2012-08-29', '104.4233160446644'),
('SE0000744195', '2012-08-30', '319.9900000000000'),
('SE0001775669', '2012-08-30', '193.2000000000000'),
('SE0001809476', '2012-08-30', '1015.8100000000000'),
('SE0002905992', '2012-08-30', '107.3100000000000'),
('SIM', '2012-08-30', '104.4327431495851'),
('SE0000744195', '2012-08-31', '321.8200000000000'),
('SE0001775669', '2012-08-31', '193.8800000000000'),
('SE0001809476', '2012-08-31', '1022.4700000000000'),
('SE0002905992', '2012-08-31', '107.9100000000000'),
('SIM', '2012-08-31', '104.4421711055639'),
('SIM', '2012-09-01', '104.4515999126776'),
('SIM', '2012-09-02', '104.4610295710031'),
('SE0000744195', '2012-09-03', '323.2700000000000'),
('SE0001775669', '2012-09-03', '194.0800000000000'),
('SE0001809476', '2012-09-03', '1023.9500000000000'),
('SE0002905992', '2012-09-03', '108.4600000000000'),
('SIM', '2012-09-03', '104.4704600806171'),
('SE0000744195', '2012-09-04', '319.4600000000000'),
('SE0001775669', '2012-09-04', '194.2200000000000'),
('SE0001809476', '2012-09-04', '1010.1800000000000'),
('SE0002905992', '2012-09-04', '107.0500000000000'),
('SIM', '2012-09-04', '104.4798914415966'),
('SE0000744195', '2012-09-05', '320.3800000000000'),
('SE0001775669', '2012-09-05', '194.7100000000000'),
('SE0001809476', '2012-09-05', '1007.3500000000000'),
('SE0002905992', '2012-09-05', '107.3400000000000'),
('SIM', '2012-09-05', '104.4893236540184'),
('SE0000744195', '2012-09-06', '326.5000000000000'),
('SE0001775669', '2012-09-06', '195.8400000000000'),
('SE0001809476', '2012-09-06', '1020.8800000000000'),
('SE0002905992', '2012-09-06', '109.4900000000000'),
('SIM', '2012-09-06', '104.4987567179594'),
('SE0000744195', '2012-09-07', '330.5200000000000'),
('SE0001775669', '2012-09-07', '195.4000000000000'),
('SE0001809476', '2012-09-07', '1036.3300000000000'),
('SE0002905992', '2012-09-07', '110.8700000000000'),
('SIM', '2012-09-07', '104.5081906334965'),
('SIM', '2012-09-08', '104.5176254007065'),
('SIM', '2012-09-09', '104.5270610196662'),
('SIM', '2012-09-10', '104.5364974904527'),
('SIM', '2012-09-11', '104.5459348131428'),
('SIM', '2012-09-12', '104.5553729878135'),
('SIM', '2012-09-13', '104.5648120145416'),
('SIM', '2012-09-14', '104.5742518934040'),
('SIM', '2012-09-15', '104.5836926244777'),
('SIM', '2012-09-16', '104.5931342078396'),
('SIM', '2012-09-17', '104.6025766435667'),
('SIM', '2012-09-18', '104.6120199317359'),
('SIM', '2012-09-19', '104.6214640724242'),
('SIM', '2012-09-20', '104.6309090657085'),
('SIM', '2012-09-21', '104.6403549116659'),
('SIM', '2012-09-22', '104.6498016103732'),
('SIM', '2012-09-23', '104.6592491619075'),
('SIM', '2012-09-24', '104.6686975663457'),
('SIM', '2012-09-25', '104.6781468237649'),
('SIM', '2012-09-26', '104.6875969342420'),
('SIM', '2012-09-27', '104.6970478978541'),
('SIM', '2012-09-28', '104.7064997146783'),
('SIM', '2012-09-29', '104.7159523847914'),
('SIM', '2012-09-30', '104.7254059082706'),
('SIM', '2012-10-01', '104.7348602851929'),
('SIM', '2012-10-02', '104.7443155156353'),
('SIM', '2012-10-03', '104.7537715996749'),
('SIM', '2012-10-04', '104.7632285373887'),
('SIM', '2012-10-05', '104.7726863288539'),
('SIM', '2012-10-06', '104.7821449741475'),
('SIM', '2012-10-07', '104.7916044733466'),
('SIM', '2012-10-08', '104.8010648265282'),
('SIM', '2012-10-09', '104.8105260337695'),
('SIM', '2012-10-10', '104.8199880951475'),
('SIM', '2012-10-11', '104.8294510107394'),
('SIM', '2012-10-12', '104.8389147806224'),
('SIM', '2012-10-13', '104.8483794048734'),
('SIM', '2012-10-14', '104.8578448835697'),
('SIM', '2012-10-15', '104.8673112167883'),
('SIM', '2012-10-16', '104.8767784046065'),
('SIM', '2012-10-17', '104.8862464471014'),
('SIM', '2012-10-18', '104.8957153443501'),
('SIM', '2012-10-19', '104.9051850964298'),
('SIM', '2012-10-20', '104.9146557034176'),
('SIM', '2012-10-21', '104.9241271653909'),
('SIM', '2012-10-22', '104.9335994824266'),
('SIM', '2012-10-23', '104.9430726546021'),
('SIM', '2012-10-24', '104.9525466819946'),
('SIM', '2012-10-25', '104.9620215646812'),
('SIM', '2012-10-26', '104.9714973027391'),
('SIM', '2012-10-27', '104.9809738962456'),
('SIM', '2012-10-28', '104.9904513452779'),
('SIM', '2012-10-29', '104.9999296499132'),
('SIM', '2012-10-30', '105.0094088102288'),
('SIM', '2012-10-31', '105.0188888263020'),
('SIM', '2012-11-01', '105.0283696982099'),
('SIM', '2012-11-02', '105.0378514260299'),
('SIM', '2012-11-03', '105.0473340098392'),
('SIM', '2012-11-04', '105.0568174497151'),
('SIM', '2012-11-05', '105.0663017457349'),
('SIM', '2012-11-06', '105.0757868979758'),
('SIM', '2012-11-07', '105.0852729065152'),
('SIM', '2012-11-08', '105.0947597714304'),
('SIM', '2012-11-09', '105.1042474927986'),
('SIM', '2012-11-10', '105.1137360706973'),
('SIM', '2012-11-11', '105.1232255052037'),
('SIM', '2012-11-12', '105.1327157963951'),
('SIM', '2012-11-13', '105.1422069443490'),
('SIM', '2012-11-14', '105.1516989491426'),
('SIM', '2012-11-15', '105.1611918108533'),
('SIM', '2012-11-16', '105.1706855295584'),
('SIM', '2012-11-17', '105.1801801053354'),
('SIM', '2012-11-18', '105.1896755382616'),
('SIM', '2012-11-19', '105.1991718284144'),
('SIM', '2012-11-20', '105.2086689758711'),
('SIM', '2012-11-21', '105.2181669807092'),
('SIM', '2012-11-22', '105.2276658430061'),
('SIM', '2012-11-23', '105.2371655628391'),
('SIM', '2012-11-24', '105.2466661402858'),
('SIM', '2012-11-25', '105.2561675754234'),
('SIM', '2012-11-26', '105.2656698683296'),
('SIM', '2012-11-27', '105.2751730190816'),
('SIM', '2012-11-28', '105.2846770277569'),
('SIM', '2012-11-29', '105.2941818944330'),
('SIM', '2012-11-30', '105.3036876191874'),
('SIM', '2012-12-01', '105.3131942020975'),
('SIM', '2012-12-02', '105.3227016432407'),
('SIM', '2012-12-03', '105.3322099426946'),
('SIM', '2012-12-04', '105.3417191005367'),
('SIM', '2012-12-05', '105.3512291168444'),
('SIM', '2012-12-06', '105.3607399916952'),
('SIM', '2012-12-07', '105.3702517251667'),
('SIM', '2012-12-08', '105.3797643173363'),
('SIM', '2012-12-09', '105.3892777682816'),
('SIM', '2012-12-10', '105.3987920780801'),
('SIM', '2012-12-11', '105.4083072468094'),
('SIM', '2012-12-12', '105.4178232745470'),
('SIM', '2012-12-13', '105.4273401613704'),
('SIM', '2012-12-14', '105.4368579073572'),
('SIM', '2012-12-15', '105.4463765125849'),
('SIM', '2012-12-16', '105.4558959771312'),
('SIM', '2012-12-17', '105.4654163010736'),
('SIM', '2012-12-18', '105.4749374844897'),
('SIM', '2012-12-19', '105.4844595274570'),
('SIM', '2012-12-20', '105.4939824300533'),
('SIM', '2012-12-21', '105.5035061923560'),
('SIM', '2012-12-22', '105.5130308144428'),
('SIM', '2012-12-23', '105.5225562963913'),
('SIM', '2012-12-24', '105.5320826382792'),
('SIM', '2012-12-25', '105.5416098401840'),
('SIM', '2012-12-26', '105.5511379021835'),
('SIM', '2012-12-27', '105.5606668243552'),
('SIM', '2012-12-28', '105.5701966067769'),
('SIM', '2012-12-29', '105.5797272495261'),
('SIM', '2012-12-30', '105.5892587526806'),
('SIM', '2012-12-31', '105.5987911163180'),
('SIM', '2013-01-01', '105.6083243405160'),
('SIM', '2013-01-02', '105.6178584253523'),
('SIM', '2013-01-03', '105.6273933709046'),
('SIM', '2013-01-04', '105.6369291772506'),
('SIM', '2013-01-05', '105.6464658444680'),
('SIM', '2013-01-06', '105.6560033726345'),
('SIM', '2013-01-07', '105.6655417618279'),
('SIM', '2013-01-08', '105.6750810121258'),
('SIM', '2013-01-09', '105.6846211236061'),
('SIM', '2013-01-10', '105.6941620963464'),
('SIM', '2013-01-11', '105.7037039304245'),
('SIM', '2013-01-12', '105.7132466259183'),
('SIM', '2013-01-13', '105.7227901829053'),
('SIM', '2013-01-14', '105.7323346014635'),
('SIM', '2013-01-15', '105.7418798816706'),
('SIM', '2013-01-16', '105.7514260236044'),
('SIM', '2013-01-17', '105.7609730273426'),
('SIM', '2013-01-18', '105.7705208929631'),
('SIM', '2013-01-19', '105.7800696205438'),
('SIM', '2013-01-20', '105.7896192101623'),
('SIM', '2013-01-21', '105.7991696618965'),
('SIM', '2013-01-22', '105.8087209758244'),
('SIM', '2013-01-23', '105.8182731520236'),
('SIM', '2013-01-24', '105.8278261905720'),
('SIM', '2013-01-25', '105.8373800915476'),
('SIM', '2013-01-26', '105.8469348550281'),
('SIM', '2013-01-27', '105.8564904810914'),
('SIM', '2013-01-28', '105.8660469698153'),
('SIM', '2013-01-29', '105.8756043212779'),
('SIM', '2013-01-30', '105.8851625355569'),
('SIM', '2013-01-31', '105.8947216127303'),
('SIM', '2013-02-01', '105.9042815528759'),
('SIM', '2013-02-02', '105.9138423560716'),
('SIM', '2013-02-03', '105.9234040223954'),
('SIM', '2013-02-04', '105.9329665519252');

-- --------------------------------------------------------

--
-- Dumpning av Data i tabell `stockbought`
--

INSERT INTO `stockbought` (`ID`, `date`, `stockID`, `quantity`, `price`, `courtage`) VALUES
(1, '2011-05-26', 1001, '65046.000000', '1.00000', '0.00'),
(2, '2011-06-17', 1001, '9954.000000', '1.00000', '0.00'),
(3, '2012-01-26', 1001, '5840.000000', '1.00000', '0.00'),
(4, '2012-03-28', 5, '29.194600', '116.46000', '0.00'),
(5, '2011-05-23', 1001, '5000.000000', '1.00000', '0.00'),
(6, '2012-04-10', 5, '64.350000', '112.62000', '0.00'),
(7, '2012-05-18', 5, '94.331200', '106.02000', '0.00'),
(8, '2012-06-05', 5, '85.233900', '105.58000', '0.00'),
(9, '2012-06-04', 1001, '10000.000000', '1.00000', '0.00'),
(10, '2012-06-01', 5, '8.481800', '106.11000', '0.00');

-- --------------------------------------------------------

--
-- Dumpning av Data i tabell `stockdividend`
--

INSERT INTO `stockdividend` (`ID`, `date`, `stockID`, `dividend`) VALUES
(1, '2012-02-28', 5, '5.660000000'),
(2, '2011-05-01', 1001, '3.150000000'),
(3, '2012-03-05', 5, '0.020000000');

-- --------------------------------------------------------

--
-- Tabellstruktur `stockprice`
--

--
-- Dumpning av Data i tabell `stockprice`
--

INSERT INTO `stockprice` (`date`, `price`, `stockID`) VALUES
('2011-04-20', '125.78000', 5),
('2011-04-21', '126.06000', 5),
('2011-04-26', '127.41000', 5),
('2011-04-27', '127.54000', 5),
('2011-04-28', '128.40000', 5),
('2011-04-29', '129.25000', 5),
('2011-05-02', '129.38000', 5),
('2011-05-03', '128.48000', 5),
('2011-05-04', '128.12000', 5),
('2011-05-05', '128.19000', 5),
('2011-05-06', '129.28000', 5),
('2011-05-09', '129.20000', 5),
('2011-05-10', '130.36000', 5),
('2011-05-11', '131.06000', 5),
('2011-05-12', '130.25000', 5),
('2011-05-13', '130.25000', 5),
('2011-05-16', '131.02000', 5),
('2011-05-17', '129.37000', 5),
('2011-05-18', '129.41000', 5),
('2011-05-19', '130.33000', 5),
('2011-05-20', '130.43000', 5),
('2011-05-23', '127.17000', 5),
('2011-05-24', '126.87000', 5),
('2011-05-25', '128.76000', 5),
('2011-05-26', '127.47000', 5),
('2011-05-27', '128.44000', 5),
('2011-05-30', '128.14000', 5),
('2011-05-31', '128.69000', 5),
('2011-06-01', '129.60000', 5),
('2011-06-03', '126.72000', 5),
('2011-06-07', '126.18000', 5),
('2011-06-08', '123.30000', 5),
('2011-06-09', '124.33000', 5),
('2011-06-10', '122.49000', 5),
('2011-06-13', '121.85000', 5),
('2011-06-14', '123.70000', 5),
('2011-06-15', '121.78000', 5),
('2011-06-16', '120.57000', 5),
('2011-06-17', '121.12000', 5),
('2011-06-20', '119.32000', 5),
('2011-06-21', '122.07000', 5),
('2011-06-22', '119.96000', 5),
('2011-06-23', '117.96000', 5),
('2011-06-27', '119.49000', 5),
('2011-06-28', '119.88000', 5),
('2011-06-29', '122.97000', 5),
('2011-06-30', '124.66000', 5),
('2011-07-01', '124.97000', 5),
('2011-07-04', '125.85000', 5),
('2011-07-05', '125.99000', 5),
('2011-07-06', '125.06000', 5),
('2011-07-07', '126.88000', 5),
('2011-07-08', '125.26000', 5),
('2011-07-11', '123.34000', 5),
('2011-07-12', '122.87000', 5),
('2011-07-13', '123.87000', 5),
('2011-07-14', '122.03000', 5),
('2011-07-15', '120.69000', 5),
('2011-07-18', '118.06000', 5),
('2011-07-19', '120.35000', 5),
('2011-07-20', '122.23000', 5),
('2011-07-21', '121.63000', 5),
('2011-07-22', '121.94000', 5),
('2011-07-25', '121.43000', 5),
('2011-07-26', '120.51000', 5),
('2011-07-27', '119.66000', 5),
('2011-07-28', '119.47000', 5),
('2011-07-30', '119.15000', 5),
('2011-08-01', '116.14000', 5),
('2011-08-02', '113.19000', 5),
('2011-08-03', '109.77000', 5),
('2011-08-04', '105.03000', 5),
('2011-08-05', '105.96000', 5),
('2011-08-08', '100.80000', 5),
('2011-08-09', '104.00000', 5),
('2011-08-10', '101.13000', 5),
('2011-08-11', '104.79000', 5),
('2011-08-12', '106.99000', 5),
('2011-08-15', '108.10000', 5),
('2011-08-16', '106.98000', 5),
('2011-08-17', '107.00000', 5),
('2011-08-18', '99.82000', 5),
('2011-08-19', '98.08000', 5),
('2011-08-22', '99.24000', 5),
('2011-08-23', '101.23000', 5),
('2011-08-24', '102.41000', 5),
('2011-08-25', '100.96000', 5),
('2011-08-26', '101.08000', 5),
('2011-08-29', '103.65000', 5),
('2011-08-30', '103.96000', 5),
('2011-08-31', '106.69000', 5),
('2011-09-01', '107.48000', 5),
('2011-09-02', '104.19000', 5),
('2011-09-05', '99.22000', 5),
('2011-09-06', '99.21000', 5),
('2011-09-07', '102.63000', 5),
('2011-09-08', '102.72000', 5),
('2011-09-09', '98.89000', 5),
('2011-09-12', '96.45000', 5),
('2011-09-13', '98.22000', 5),
('2011-09-14', '99.59000', 5),
('2011-09-15', '103.37000', 5),
('2011-09-16', '103.65000', 5),
('2011-09-19', '100.10000', 5),
('2011-09-20', '102.70000', 5),
('2011-09-21', '101.32000', 5),
('2011-09-22', '96.39000', 5),
('2011-09-23', '96.41000', 5),
('2011-09-26', '97.59000', 5),
('2011-09-27', '103.66000', 5),
('2011-09-28', '101.11000', 5),
('2011-09-29', '104.01000', 5),
('2011-09-30', '101.76000', 5),
('2011-10-03', '100.93000', 5),
('2011-10-04', '96.96000', 5),
('2011-10-05', '100.60000', 5),
('2011-10-06', '102.91000', 5),
('2011-10-07', '102.66000', 5),
('2011-10-10', '106.01000', 5),
('2011-10-11', '105.84000', 5),
('2011-10-12', '107.08000', 5),
('2011-10-13', '104.68000', 5),
('2011-10-14', '106.93000', 5),
('2011-10-17', '105.03000', 5),
('2011-10-18', '105.72000', 5),
('2011-10-19', '105.35000', 5),
('2011-10-20', '104.44000', 5),
('2011-10-21', '107.91000', 5),
('2011-10-24', '109.35000', 5),
('2011-10-25', '109.08000', 5),
('2011-10-26', '109.90000', 5),
('2011-10-27', '115.07000', 5),
('2011-10-28', '114.67000', 5),
('2011-10-31', '110.73000', 5),
('2011-11-01', '105.75000', 5),
('2011-11-02', '107.88000', 5),
('2011-11-03', '109.54000', 5),
('2011-11-04', '110.37000', 5),
('2011-11-07', '108.27000', 5),
('2011-11-08', '108.50000', 5),
('2011-11-09', '105.85000', 5),
('2011-11-10', '105.76000', 5),
('2011-11-11', '109.18000', 5),
('2011-11-14', '107.66000', 5),
('2011-11-15', '107.26000', 5),
('2011-11-16', '107.47000', 5),
('2011-11-17', '105.93000', 5),
('2011-11-18', '105.24000', 5),
('2011-11-21', '101.46000', 5),
('2011-11-22', '101.28000', 5),
('2011-11-23', '99.38000', 5),
('2011-11-24', '99.12000', 5),
('2011-11-25', '99.43000', 5),
('2011-11-28', '103.67000', 5),
('2011-11-29', '104.15000', 5),
('2011-11-30', '109.49000', 5),
('2011-12-01', '108.15000', 5),
('2011-12-02', '108.95000', 5),
('2011-12-05', '110.54000', 5),
('2011-12-06', '109.28000', 5),
('2011-12-07', '109.43000', 5),
('2011-12-08', '106.95000', 5),
('2011-12-09', '107.69000', 5),
('2011-12-12', '105.30000', 5),
('2011-12-13', '106.90000', 5),
('2011-12-14', '105.02000', 5),
('2011-12-15', '105.84000', 5),
('2011-12-16', '104.84000', 5),
('2011-12-19', '104.46000', 5),
('2011-12-20', '107.29000', 5),
('2011-12-21', '107.30000', 5),
('2011-12-22', '108.56000', 5),
('2011-12-23', '109.81000', 5),
('2011-12-27', '109.24000', 5),
('2011-12-28', '108.40000', 5),
('2011-12-29', '109.30000', 5),
('2011-12-30', '110.45000', 5),
('2012-01-02', '111.75000', 5),
('2012-01-03', '113.90000', 5),
('2012-01-04', '112.51000', 5),
('2012-01-05', '112.04000', 5),
('2012-01-09', '111.45000', 5),
('2012-01-10', '113.22000', 5),
('2012-01-11', '112.87000', 5),
('2012-01-12', '113.53000', 5),
('2012-01-13', '112.80000', 5),
('2012-01-16', '113.30000', 5),
('2012-01-17', '114.60000', 5),
('2012-01-18', '114.99000', 5),
('2012-01-19', '116.03000', 5),
('2012-01-20', '115.52000', 5),
('2012-01-23', '116.54000', 5),
('2012-01-24', '115.61000', 5),
('2012-01-25', '114.70000', 5),
('2012-01-26', '116.94000', 5),
('2012-01-27', '116.42000', 5),
('2012-01-30', '114.97000', 5),
('2012-01-31', '115.86000', 5),
('2012-02-01', '119.09000', 5),
('2012-02-02', '119.18000', 5),
('2012-02-03', '120.58000', 5),
('2012-02-06', '120.08000', 5),
('2012-02-07', '120.10000', 5),
('2012-02-08', '120.14000', 5),
('2012-02-09', '120.42000', 5),
('2012-02-10', '119.11000', 5),
('2012-02-13', '120.10000', 5),
('2012-02-14', '119.58000', 5),
('2012-02-15', '121.15000', 5),
('2012-02-16', '121.77000', 5),
('2012-02-17', '123.04000', 5),
('2012-02-18', '123.00000', 5),
('2012-02-20', '124.43000', 5),
('2012-02-21', '123.81000', 5),
('2012-02-22', '122.65000', 5),
('2012-02-23', '122.66000', 5),
('2012-02-24', '123.09000', 5),
('2012-02-27', '122.38000', 5),
('2012-02-28', '117.68000', 5),
('2012-02-29', '117.64000', 5),
('2012-03-01', '117.94000', 5),
('2012-03-02', '117.97000', 5),
('2012-03-05', '117.15000', 5),
('2012-03-06', '112.91000', 5),
('2012-03-07', '113.45000', 5),
('2012-03-08', '116.51000', 5),
('2012-03-09', '116.35000', 5),
('2012-03-12', '116.62000', 5),
('2012-03-13', '118.09000', 5),
('2012-03-14', '119.11000', 5),
('2012-03-15', '119.69000', 5),
('2012-03-16', '119.93000', 5),
('2012-03-19', '119.73000', 5),
('2012-03-20', '117.94000', 5),
('2012-03-21', '116.25000', 5),
('2012-03-22', '115.03000', 5),
('2012-03-23', '116.18000', 5),
('2012-03-26', '118.17000', 5),
('2012-03-27', '117.39000', 5),
('2012-03-28', '116.46000', 5),
('2012-03-29', '114.01000', 5),
('2012-03-30', '116.02000', 5),
('2012-04-02', '117.32000', 5),
('2012-04-03', '116.68000', 5),
('2012-04-04', '112.99000', 5),
('2012-04-05', '112.62000', 5),
('2012-04-10', '110.14000', 5),
('2012-04-11', '111.57000', 5),
('2012-04-12', '114.08000', 5),
('2012-04-13', '111.67000', 5),
('2012-04-16', '112.72000', 5),
('2012-04-17', '114.77000', 5),
('2012-04-18', '112.81000', 5),
('2012-04-19', '113.41000', 5),
('2012-04-20', '114.94000', 5),
('2012-04-23', '109.67000', 5),
('2012-04-24', '111.83000', 5),
('2012-04-25', '113.47000', 5),
('2012-04-26', '112.92000', 5),
('2012-04-27', '115.28000', 5),
('2012-04-30', '115.98000', 5),
('2012-05-02', '115.09000', 5),
('2012-05-03', '116.25000', 5),
('2012-05-04', '114.16000', 5),
('2012-05-07', '114.12000', 5),
('2012-05-08', '112.94000', 5),
('2012-05-10', '113.85000', 5),
('2012-05-11', '114.50000', 5),
('2012-05-14', '111.44000', 5),
('2012-05-15', '110.82000', 5),
('2012-05-16', '109.45000', 5),
('2012-05-18', '106.02000', 5),
('2012-05-21', '108.20000', 5),
('2012-05-22', '110.97000', 5),
('2012-05-23', '108.08000', 5),
('2012-05-24', '109.42000', 5),
('2012-05-25', '109.25000', 5),
('2012-05-28', '109.26000', 5),
('2012-05-29', '111.11000', 5),
('2012-05-30', '109.43000', 5),
('2012-05-31', '108.25000', 5),
('2012-06-01', '106.11000', 5),
('2012-06-04', '104.93000', 5),
('2012-06-05', '105.58000', 5),
('2012-06-07', '108.90000', 5),
('2012-06-08', '108.22000', 5),
('2012-06-11', '108.94000', 5),
('2012-06-12', '109.48000', 5),
('2012-06-13', '108.25000', 5),
('2012-06-14', '107.76000', 5),
('2012-06-15', '108.41000', 5),
('2012-06-18', '108.80000', 5),
('2012-06-19', '110.93000', 5),
('2012-06-20', '112.57000', 5),
('2012-06-21', '112.00000', 5),
('2012-06-25', '109.27000', 5),
('2012-06-26', '108.86000', 5),
('2012-06-27', '110.01000', 5),
('2012-06-28', '108.63000', 5),
('2012-06-29', '113.02000', 5),
('2012-07-06', '113.55000', 5),
('2012-07-09', '113.17000', 5),
('2012-07-10', '114.02000', 5),
('2012-07-11', '113.80000', 5),
('2012-07-12', '112.42000', 5),
('2012-07-13', '114.33000', 5),
('2012-07-16', '115.09000', 5),
('2012-07-17', '113.61000', 5),
('2012-07-18', '114.54000', 5),
('2012-07-19', '116.52000', 5),
('2012-07-20', '115.51000', 5),
('2012-07-23', '113.32000', 5),
('2012-07-24', '113.32000', 5),
('2012-07-25', '114.15000', 5),
('2012-07-26', '116.26000', 5),
('2012-07-27', '117.52000', 5),
('2012-07-30', '118.23000', 5),
('2012-08-01', '118.20000', 5),
('2012-08-02', '117.34000', 5),
('2012-08-03', '119.87000', 5),
('2012-08-06', '119.36000', 5),
('2012-08-07', '119.28000', 5),
('2012-08-09', '120.19000', 5),
('2012-08-12', '119.75000', 5),
('2012-08-14', '119.76000', 5),
('2012-08-15', '119.29000', 5),
('2012-08-16', '119.61000', 5),
('2012-08-23', '117.10000', 5),
('2012-08-24', '117.47000', 5),
('2012-08-27', '118.26000', 5),
('2012-08-29', '116.05000', 5),
('2012-08-31', '115.85000', 5),
('2012-09-03', '116.47000', 5),
('2012-09-04', '114.94000', 5),
('2012-09-05', '115.20000', 5),
('2012-09-06', '117.45000', 5),
('2012-09-07', '118.83000', 5),
('2012-03-05', '1.00000', 1001),
('2012-03-12', '1.00000', 1001);

-- --------------------------------------------------------

--
-- Dumpning av Data i tabell `stocksold`
--

INSERT INTO `stocksold` (`ID`, `date`, `stockID`, `quantity`, `price`, `courtage`) VALUES
(1, '2011-08-04', 1001, '3000.000000', '1.00000', '0.00'),
(2, '2011-11-30', 1001, '2500.000000', '1.00000', '0.00'),
(3, '2012-01-23', 1001, '30840.000000', '1.00000', '0.00'),
(11, '2012-05-24', 5, '94.331300', '109.42000', '0.00'),
(13, '2012-05-29', 1001, '20000.000000', '1.00000', '0.00'),
(14, '2012-06-14', 1001, '24000.000000', '1.00000', '0.00'),
(15, '2012-06-18', 5, '93.715700', '108.80000', '0.00');
--
-- Restriktioner för dumpade tabeller
--

/*!40101 SET CHARACTER_SET_CLIENT=@OLD_CHARACTER_SET_CLIENT */;
/*!40101 SET CHARACTER_SET_RESULTS=@OLD_CHARACTER_SET_RESULTS */;
/*!40101 SET COLLATION_CONNECTION=@OLD_COLLATION_CONNECTION */;
